Code,Title,Description,Source
11,"Agriculture, Forestry, Fishing and Hunting","Agriculture, Forestry, Fishing and Hunting",NAICS
111,Crop ProductionT,Crop ProductionT,NAICS
1111,Oilseed and Grain Farming,Oilseed and Grain Farming,NAICS
11111,Soybean Farming,Soybean Farming,NAICS
111110,Soybean Farming,Soybean Farming,NAICS
11112,Oilseed (except Soybean) FarmingT,Oilseed (except Soybean) FarmingT,NAICS
111120,Oilseed (except Soybean) Farming,Oilseed (except Soybean) Farming,NAICS
11113,Dry Pea and Bean Farming,Dry Pea and Bean Farming,NAICS
111130,Dry Pea and Bean Farming,Dry Pea and Bean Farming,NAICS
11114,Wheat Farming,Wheat Farming,NAICS
111140,Wheat Farming,Wheat Farming,NAICS
11115,Corn Farming,Corn Farming,NAICS
111150,Corn Farming,Corn Farming,NAICS
11116,Rice Farming,Rice Farming,NAICS
111160,Rice Farming,Rice Farming,NAICS
11119,Other Grain Farming,Other Grain Farming,NAICS
111191,Oilseed and Grain Combination Farming,Oilseed and Grain Combination Farming,NAICS
111199,All Other Grain Farming,All Other Grain Farming,NAICS
1112,Vegetable and Melon FarmingT,Vegetable and Melon FarmingT,NAICS
11121,Vegetable and Melon Farming,Vegetable and Melon Farming,NAICS
111211,Potato Farming,Potato Farming,NAICS
111219,Other Vegetable (except Potato) and Melon Farming,Other Vegetable (except Potato) and Melon Farming,NAICS
1113,Fruit and Tree Nut FarmingT,Fruit and Tree Nut FarmingT,NAICS
11131,Orange Groves,Orange Groves,NAICS
111310,Orange Groves,Orange Groves,NAICS
11132,Citrus (except Orange) GrovesT,Citrus (except Orange) GrovesT,NAICS
111320,Citrus (except Orange) Groves,Citrus (except Orange) Groves,NAICS
11133,Noncitrus Fruit and Tree Nut Farming,Noncitrus Fruit and Tree Nut Farming,NAICS
111331,Apple Orchards,Apple Orchards,NAICS
111332,Grape Vineyards,Grape Vineyards,NAICS
111333,Strawberry Farming,Strawberry Farming,NAICS
111334,Berry (except Strawberry) Farming,Berry (except Strawberry) Farming,NAICS
111335,Tree Nut Farming,Tree Nut Farming,NAICS
111336,Fruit and Tree Nut Combination Farming,Fruit and Tree Nut Combination Farming,NAICS
111339,Other Noncitrus Fruit Farming,Other Noncitrus Fruit Farming,NAICS
1114,"Greenhouse, Nursery, and Floriculture ProductionT","Greenhouse, Nursery, and Floriculture ProductionT",NAICS
11141,Food Crops Grown Under Cover,Food Crops Grown Under Cover,NAICS
111411,Mushroom Production,Mushroom Production,NAICS
111419,Other Food Crops Grown Under Cover,Other Food Crops Grown Under Cover,NAICS
11142,Nursery and Floriculture Production,Nursery and Floriculture Production,NAICS
111421,Nursery and Tree Production,Nursery and Tree Production,NAICS
111422,Floriculture Production,Floriculture Production,NAICS
1119,Other Crop FarmingT,Other Crop FarmingT,NAICS
11191,Tobacco Farming,Tobacco Farming,NAICS
111910,Tobacco Farming,Tobacco Farming,NAICS
11192,Cotton Farming,Cotton Farming,NAICS
111920,Cotton Farming,Cotton Farming,NAICS
11193,Sugarcane FarmingT,Sugarcane FarmingT,NAICS
111930,Sugarcane Farming,Sugarcane Farming,NAICS
11194,Hay FarmingT,Hay FarmingT,NAICS
111940,Hay Farming,Hay Farming,NAICS
11199,All Other Crop FarmingT,All Other Crop FarmingT,NAICS
111991,Sugar Beet Farming,Sugar Beet Farming,NAICS
111992,Peanut Farming,Peanut Farming,NAICS
111998,All Other Miscellaneous Crop Farming,All Other Miscellaneous Crop Farming,NAICS
112,Animal Production and AquacultureT,Animal Production and AquacultureT,NAICS
1121,Cattle Ranching and FarmingT,Cattle Ranching and FarmingT,NAICS
11211,"Beef Cattle Ranching and Farming, including FeedlotsT","Beef Cattle Ranching and Farming, including FeedlotsT",NAICS
112111,Beef Cattle Ranching and Farming,Beef Cattle Ranching and Farming,NAICS
112112,Cattle Feedlots,Cattle Feedlots,NAICS
11212,Dairy Cattle and Milk Production,Dairy Cattle and Milk Production,NAICS
112120,Dairy Cattle and Milk Production,Dairy Cattle and Milk Production,NAICS
11213,Dual-Purpose Cattle Ranching and FarmingT,Dual-Purpose Cattle Ranching and FarmingT,NAICS
112130,Dual-Purpose Cattle Ranching and Farming,Dual-Purpose Cattle Ranching and Farming,NAICS
1122,Hog and Pig FarmingT,Hog and Pig FarmingT,NAICS
11221,Hog and Pig FarmingT,Hog and Pig FarmingT,NAICS
112210,Hog and Pig Farming,Hog and Pig Farming,NAICS
1123,Poultry and Egg ProductionT,Poultry and Egg ProductionT,NAICS
11231,Chicken Egg ProductionT,Chicken Egg ProductionT,NAICS
112310,Chicken Egg Production,Chicken Egg Production,NAICS
11232,Broilers and Other Meat Type Chicken ProductionT,Broilers and Other Meat Type Chicken ProductionT,NAICS
112320,Broilers and Other Meat Type Chicken Production,Broilers and Other Meat Type Chicken Production,NAICS
11233,Turkey Production,Turkey Production,NAICS
112330,Turkey Production,Turkey Production,NAICS
11234,Poultry HatcheriesT,Poultry HatcheriesT,NAICS
112340,Poultry Hatcheries,Poultry Hatcheries,NAICS
11239,Other Poultry ProductionT,Other Poultry ProductionT,NAICS
112390,Other Poultry Production,Other Poultry Production,NAICS
1124,Sheep and Goat FarmingT,Sheep and Goat FarmingT,NAICS
11241,Sheep FarmingT,Sheep FarmingT,NAICS
112410,Sheep Farming,Sheep Farming,NAICS
11242,Goat Farming,Goat Farming,NAICS
112420,Goat Farming,Goat Farming,NAICS
1125,AquacultureT,AquacultureT,NAICS
11251,AquacultureT,AquacultureT,NAICS
112511,Finfish Farming and Fish Hatcheries,Finfish Farming and Fish Hatcheries,NAICS
112512,Shellfish Farming,Shellfish Farming,NAICS
112519,Other Aquaculture,Other Aquaculture,NAICS
1129,Other Animal ProductionT,Other Animal ProductionT,NAICS
11291,Apiculture,Apiculture,NAICS
112910,Apiculture,Apiculture,NAICS
11292,Horses and Other Equine ProductionT,Horses and Other Equine ProductionT,NAICS
112920,Horses and Other Equine Production,Horses and Other Equine Production,NAICS
11293,Fur-Bearing Animal and Rabbit ProductionT,Fur-Bearing Animal and Rabbit ProductionT,NAICS
112930,Fur-Bearing Animal and Rabbit Production,Fur-Bearing Animal and Rabbit Production,NAICS
11299,All Other Animal ProductionT,All Other Animal ProductionT,NAICS
112990,All Other Animal Production,All Other Animal Production,NAICS
113,Forestry and LoggingT,Forestry and LoggingT,NAICS
1131,Timber Tract OperationsT,Timber Tract OperationsT,NAICS
11311,Timber Tract OperationsT,Timber Tract OperationsT,NAICS
113110,Timber Tract Operations,Timber Tract Operations,NAICS
1132,Forest Nurseries and Gathering of Forest ProductsT,Forest Nurseries and Gathering of Forest ProductsT,NAICS
11321,Forest Nurseries and Gathering of Forest ProductsT,Forest Nurseries and Gathering of Forest ProductsT,NAICS
113210,Forest Nurseries and Gathering of Forest Products,Forest Nurseries and Gathering of Forest Products,NAICS
1133,LoggingT,LoggingT,NAICS
11331,LoggingT,LoggingT,NAICS
113310,Logging,Logging,NAICS
114,"Fishing, Hunting and TrappingT","Fishing, Hunting and TrappingT",NAICS
1141,FishingT,FishingT,NAICS
11411,FishingT,FishingT,NAICS
114111,Finfish Fishing,Finfish Fishing,NAICS
114112,Shellfish Fishing,Shellfish Fishing,NAICS
114119,Other Marine Fishing,Other Marine Fishing,NAICS
1142,Hunting and TrappingT,Hunting and TrappingT,NAICS
11421,Hunting and TrappingT,Hunting and TrappingT,NAICS
114210,Hunting and Trapping,Hunting and Trapping,NAICS
115,Support Activities for Agriculture and ForestryT,Support Activities for Agriculture and ForestryT,NAICS
1151,Support Activities for Crop ProductionT,Support Activities for Crop ProductionT,NAICS
11511,Support Activities for Crop ProductionT,Support Activities for Crop ProductionT,NAICS
115111,Cotton Ginning,Cotton Ginning,NAICS
115112,"Soil Preparation, Planting, and Cultivating","Soil Preparation, Planting, and Cultivating",NAICS
115113,"Crop Harvesting, Primarily by Machine","Crop Harvesting, Primarily by Machine",NAICS
115114,Postharvest Crop Activities (except Cotton Ginning),Postharvest Crop Activities (except Cotton Ginning),NAICS
115115,Farm Labor Contractors and Crew Leaders,Farm Labor Contractors and Crew Leaders,NAICS
115116,Farm Management Services,Farm Management Services,NAICS
1152,Support Activities for Animal ProductionT,Support Activities for Animal ProductionT,NAICS
11521,Support Activities for Animal ProductionT,Support Activities for Animal ProductionT,NAICS
115210,Support Activities for Animal Production,Support Activities for Animal Production,NAICS
1153,Support Activities for ForestryT,Support Activities for ForestryT,NAICS
11531,Support Activities for ForestryT,Support Activities for ForestryT,NAICS
115310,Support Activities for Forestry,Support Activities for Forestry,NAICS
21,"Mining, Quarrying, and Oil and Gas Extraction","Mining, Quarrying, and Oil and Gas Extraction",NAICS
211,Oil and Gas ExtractionT,Oil and Gas ExtractionT,NAICS
2111,Oil and Gas ExtractionT,Oil and Gas ExtractionT,NAICS
21112,Crude Petroleum Extraction,Crude Petroleum Extraction,NAICS
211120,Crude Petroleum Extraction,Crude Petroleum Extraction,NAICS
21113,Natural Gas Extraction,Natural Gas Extraction,NAICS
211130,Natural Gas Extraction,Natural Gas Extraction,NAICS
212,Mining (except Oil and Gas)T,Mining (except Oil and Gas)T,NAICS
2121,Coal MiningT,Coal MiningT,NAICS
21211,Coal MiningT,Coal MiningT,NAICS
212114,Surface Coal Mining,Surface Coal Mining,NAICS
212115,Underground Coal Mining,Underground Coal Mining,NAICS
2122,Metal Ore MiningT,Metal Ore MiningT,NAICS
21221,Iron Ore MiningT,Iron Ore MiningT,NAICS
212210,Iron Ore Mining,Iron Ore Mining,NAICS
21222,Gold Ore and Silver Ore MiningT,Gold Ore and Silver Ore MiningT,NAICS
212220,Gold Ore and Silver Ore Mining,Gold Ore and Silver Ore Mining,NAICS
21223,"Copper, Nickel, Lead, and Zinc MiningT","Copper, Nickel, Lead, and Zinc MiningT",NAICS
212230,"Copper, Nickel, Lead, and Zinc Mining","Copper, Nickel, Lead, and Zinc Mining",NAICS
21229,Other Metal Ore MiningT,Other Metal Ore MiningT,NAICS
212290,Other Metal Ore Mining,Other Metal Ore Mining,NAICS
2123,Nonmetallic Mineral Mining and QuarryingT,Nonmetallic Mineral Mining and QuarryingT,NAICS
21231,Stone Mining and QuarryingT,Stone Mining and QuarryingT,NAICS
212311,Dimension Stone Mining and Quarrying,Dimension Stone Mining and Quarrying,NAICS
212312,Crushed and Broken Limestone Mining and Quarrying,Crushed and Broken Limestone Mining and Quarrying,NAICS
212313,Crushed and Broken Granite Mining and Quarrying,Crushed and Broken Granite Mining and Quarrying,NAICS
212319,Other Crushed and Broken Stone Mining and Quarrying,Other Crushed and Broken Stone Mining and Quarrying,NAICS
21232,"Sand, Gravel, Clay, and Ceramic and Refractory Minerals Mining and QuarryingT","Sand, Gravel, Clay, and Ceramic and Refractory Minerals Mining and QuarryingT",NAICS
212321,Construction Sand and Gravel Mining,Construction Sand and Gravel Mining,NAICS
212322,Industrial Sand Mining,Industrial Sand Mining,NAICS
212323,"Kaolin, Clay, and Ceramic and Refractory Minerals Mining","Kaolin, Clay, and Ceramic and Refractory Minerals Mining",NAICS
21239,Other Nonmetallic Mineral Mining and QuarryingT,Other Nonmetallic Mineral Mining and QuarryingT,NAICS
212390,Other Nonmetallic Mineral Mining and Quarrying,Other Nonmetallic Mineral Mining and Quarrying,NAICS
213,Support Activities for MiningT,Support Activities for MiningT,NAICS
2131,Support Activities for MiningT,Support Activities for MiningT,NAICS
21311,Support Activities for MiningT,Support Activities for MiningT,NAICS
213111,Drilling Oil and Gas Wells,Drilling Oil and Gas Wells,NAICS
213112,Support Activities for Oil and Gas Operations,Support Activities for Oil and Gas Operations,NAICS
213113,Support Activities for Coal Mining,Support Activities for Coal Mining,NAICS
213114,Support Activities for Metal Mining,Support Activities for Metal Mining,NAICS
213115,Support Activities for Nonmetallic Minerals (except Fuels) Mining,Support Activities for Nonmetallic Minerals (except Fuels) Mining,NAICS
22,Utilities,Utilities,NAICS
221,UtilitiesT,UtilitiesT,NAICS
2211,"Electric Power Generation, Transmission and Distribution","Electric Power Generation, Transmission and Distribution",NAICS
22111,Electric Power GenerationT,Electric Power GenerationT,NAICS
221111,Hydroelectric Power Generation,Hydroelectric Power Generation,NAICS
221112,Fossil Fuel Electric Power Generation,Fossil Fuel Electric Power Generation,NAICS
221113,Nuclear Electric Power Generation,Nuclear Electric Power Generation,NAICS
221114,Solar Electric Power Generation,Solar Electric Power Generation,NAICS
221115,Wind Electric Power Generation,Wind Electric Power Generation,NAICS
221116,Geothermal Electric Power Generation,Geothermal Electric Power Generation,NAICS
221117,Biomass Electric Power Generation,Biomass Electric Power Generation,NAICS
221118,Other Electric Power Generation,Other Electric Power Generation,NAICS
22112,"Electric Power Transmission, Control, and DistributionT","Electric Power Transmission, Control, and DistributionT",NAICS
221121,Electric Bulk Power Transmission and Control,Electric Bulk Power Transmission and Control,NAICS
221122,Electric Power Distribution,Electric Power Distribution,NAICS
2212,Natural Gas DistributionT,Natural Gas DistributionT,NAICS
22121,Natural Gas DistributionT,Natural Gas DistributionT,NAICS
221210,Natural Gas Distribution,Natural Gas Distribution,NAICS
2213,"Water, Sewage and Other SystemsT","Water, Sewage and Other SystemsT",NAICS
22131,Water Supply and Irrigation Systems,Water Supply and Irrigation Systems,NAICS
221310,Water Supply and Irrigation Systems,Water Supply and Irrigation Systems,NAICS
22132,Sewage Treatment Facilities,Sewage Treatment Facilities,NAICS
221320,Sewage Treatment Facilities,Sewage Treatment Facilities,NAICS
22133,Steam and Air-Conditioning Supply,Steam and Air-Conditioning Supply,NAICS
221330,Steam and Air-Conditioning Supply,Steam and Air-Conditioning Supply,NAICS
23,Construction,Construction,NAICS
236,Construction of BuildingsT,Construction of BuildingsT,NAICS
2361,Residential Building ConstructionT,Residential Building ConstructionT,NAICS
23611,Residential Building ConstructionT,Residential Building ConstructionT,NAICS
236115,New Single-Family Housing Construction (except For-Sale Builders),New Single-Family Housing Construction (except For-Sale Builders),NAICS
236116,New Multifamily Housing Construction (except For-Sale Builders),New Multifamily Housing Construction (except For-Sale Builders),NAICS
236117,New Housing For-Sale Builders,New Housing For-Sale Builders,NAICS
236118,Residential Remodelers,Residential Remodelers,NAICS
2362,Nonresidential Building ConstructionT,Nonresidential Building ConstructionT,NAICS
23621,Industrial Building ConstructionT,Industrial Building ConstructionT,NAICS
236210,Industrial Building Construction,Industrial Building Construction,NAICS
23622,Commercial and Institutional Building ConstructionT,Commercial and Institutional Building ConstructionT,NAICS
236220,Commercial and Institutional Building Construction,Commercial and Institutional Building Construction,NAICS
237,Heavy and Civil Engineering ConstructionT,Heavy and Civil Engineering ConstructionT,NAICS
2371,Utility System Construction,Utility System Construction,NAICS
23711,Water and Sewer Line and Related Structures ConstructionT,Water and Sewer Line and Related Structures ConstructionT,NAICS
237110,Water and Sewer Line and Related Structures Construction,Water and Sewer Line and Related Structures Construction,NAICS
23712,Oil and Gas Pipeline and Related Structures ConstructionT,Oil and Gas Pipeline and Related Structures ConstructionT,NAICS
237120,Oil and Gas Pipeline and Related Structures Construction,Oil and Gas Pipeline and Related Structures Construction,NAICS
23713,Power and Communication Line and Related Structures ConstructionT,Power and Communication Line and Related Structures ConstructionT,NAICS
237130,Power and Communication Line and Related Structures Construction,Power and Communication Line and Related Structures Construction,NAICS
2372,Land SubdivisionT,Land SubdivisionT,NAICS
23721,Land SubdivisionT,Land SubdivisionT,NAICS
237210,Land Subdivision,Land Subdivision,NAICS
2373,"Highway, Street, and Bridge ConstructionT","Highway, Street, and Bridge ConstructionT",NAICS
23731,"Highway, Street, and Bridge ConstructionT","Highway, Street, and Bridge ConstructionT",NAICS
237310,"Highway, Street, and Bridge Construction","Highway, Street, and Bridge Construction",NAICS
2379,Other Heavy and Civil Engineering ConstructionT,Other Heavy and Civil Engineering ConstructionT,NAICS
23799,Other Heavy and Civil Engineering Construction,Other Heavy and Civil Engineering Construction,NAICS
237990,Other Heavy and Civil Engineering Construction,Other Heavy and Civil Engineering Construction,NAICS
238,Specialty Trade ContractorsT,Specialty Trade ContractorsT,NAICS
2381,"Foundation, Structure, and Building Exterior ContractorsT","Foundation, Structure, and Building Exterior ContractorsT",NAICS
23811,Poured Concrete Foundation and Structure Contractors,Poured Concrete Foundation and Structure Contractors,NAICS
238110,Poured Concrete Foundation and Structure Contractors,Poured Concrete Foundation and Structure Contractors,NAICS
23812,Structural Steel and Precast Concrete Contractors,Structural Steel and Precast Concrete Contractors,NAICS
238120,Structural Steel and Precast Concrete Contractors,Structural Steel and Precast Concrete Contractors,NAICS
23813,Framing Contractors,Framing Contractors,NAICS
238130,Framing Contractors,Framing Contractors,NAICS
23814,Masonry Contractors,Masonry Contractors,NAICS
238140,Masonry Contractors,Masonry Contractors,NAICS
23815,Glass and Glazing Contractors,Glass and Glazing Contractors,NAICS
238150,Glass and Glazing Contractors,Glass and Glazing Contractors,NAICS
23816,Roofing Contractors,Roofing Contractors,NAICS
238160,Roofing Contractors,Roofing Contractors,NAICS
23817,Siding Contractors,Siding Contractors,NAICS
238170,Siding Contractors,Siding Contractors,NAICS
23819,"Other Foundation, Structure, and Building Exterior Contractors","Other Foundation, Structure, and Building Exterior Contractors",NAICS
238190,"Other Foundation, Structure, and Building Exterior Contractors","Other Foundation, Structure, and Building Exterior Contractors",NAICS
2382,Building Equipment ContractorsT,Building Equipment ContractorsT,NAICS
23821,Electrical Contractors and Other Wiring Installation ContractorsT,Electrical Contractors and Other Wiring Installation ContractorsT,NAICS
238210,Electrical Contractors and Other Wiring Installation Contractors,Electrical Contractors and Other Wiring Installation Contractors,NAICS
23822,"Plumbing, Heating, and Air-Conditioning ContractorsT","Plumbing, Heating, and Air-Conditioning ContractorsT",NAICS
238220,"Plumbing, Heating, and Air-Conditioning Contractors","Plumbing, Heating, and Air-Conditioning Contractors",NAICS
23829,Other Building Equipment ContractorsT,Other Building Equipment ContractorsT,NAICS
238290,Other Building Equipment Contractors,Other Building Equipment Contractors,NAICS
2383,Building Finishing ContractorsT,Building Finishing ContractorsT,NAICS
23831,Drywall and Insulation ContractorsT,Drywall and Insulation ContractorsT,NAICS
238310,Drywall and Insulation Contractors,Drywall and Insulation Contractors,NAICS
23832,Painting and Wall Covering ContractorsT,Painting and Wall Covering ContractorsT,NAICS
238320,Painting and Wall Covering Contractors,Painting and Wall Covering Contractors,NAICS
23833,Flooring ContractorsT,Flooring ContractorsT,NAICS
238330,Flooring Contractors,Flooring Contractors,NAICS
23834,Tile and Terrazzo Contractors,Tile and Terrazzo Contractors,NAICS
238340,Tile and Terrazzo Contractors,Tile and Terrazzo Contractors,NAICS
23835,Finish Carpentry ContractorsT,Finish Carpentry ContractorsT,NAICS
238350,Finish Carpentry Contractors,Finish Carpentry Contractors,NAICS
23839,Other Building Finishing ContractorsT,Other Building Finishing ContractorsT,NAICS
238390,Other Building Finishing Contractors,Other Building Finishing Contractors,NAICS
2389,Other Specialty Trade ContractorsT,Other Specialty Trade ContractorsT,NAICS
23891,Site Preparation ContractorsT,Site Preparation ContractorsT,NAICS
238910,Site Preparation Contractors,Site Preparation Contractors,NAICS
23899,All Other Specialty Trade ContractorsT,All Other Specialty Trade ContractorsT,NAICS
238990,All Other Specialty Trade Contractors,All Other Specialty Trade Contractors,NAICS
311,Food ManufacturingT,Food ManufacturingT,NAICS
3111,Animal Food ManufacturingT,Animal Food ManufacturingT,NAICS
31111,Animal Food ManufacturingT,Animal Food ManufacturingT,NAICS
311111,Dog and Cat Food Manufacturing,Dog and Cat Food Manufacturing,NAICS
311119,Other Animal Food Manufacturing,Other Animal Food Manufacturing,NAICS
3112,Grain and Oilseed MillingT,Grain and Oilseed MillingT,NAICS
31121,Flour Milling and Malt ManufacturingT,Flour Milling and Malt ManufacturingT,NAICS
311211,Flour Milling,Flour Milling,NAICS
311212,Rice Milling,Rice Milling,NAICS
311213,Malt Manufacturing,Malt Manufacturing,NAICS
31122,Starch and Vegetable Fats and Oils ManufacturingT,Starch and Vegetable Fats and Oils ManufacturingT,NAICS
311221,Wet Corn Milling and Starch Manufacturing,Wet Corn Milling and Starch Manufacturing,NAICS
311224,Soybean and Other Oilseed Processing,Soybean and Other Oilseed Processing,NAICS
311225,Fats and Oils Refining and Blending,Fats and Oils Refining and Blending,NAICS
31123,Breakfast Cereal ManufacturingT,Breakfast Cereal ManufacturingT,NAICS
311230,Breakfast Cereal Manufacturing,Breakfast Cereal Manufacturing,NAICS
3113,Sugar and Confectionery Product ManufacturingT,Sugar and Confectionery Product ManufacturingT,NAICS
31131,Sugar ManufacturingT,Sugar ManufacturingT,NAICS
311313,Beet Sugar Manufacturing,Beet Sugar Manufacturing,NAICS
311314,Cane Sugar Manufacturing,Cane Sugar Manufacturing,NAICS
31134,Nonchocolate Confectionery ManufacturingT,Nonchocolate Confectionery ManufacturingT,NAICS
311340,Nonchocolate Confectionery Manufacturing,Nonchocolate Confectionery Manufacturing,NAICS
31135,Chocolate and Confectionery ManufacturingT,Chocolate and Confectionery ManufacturingT,NAICS
311351,Chocolate and Confectionery Manufacturing from Cacao Beans,Chocolate and Confectionery Manufacturing from Cacao Beans,NAICS
311352,Confectionery Manufacturing from Purchased Chocolate,Confectionery Manufacturing from Purchased Chocolate,NAICS
3114,Fruit and Vegetable Preserving and Specialty Food ManufacturingT,Fruit and Vegetable Preserving and Specialty Food ManufacturingT,NAICS
31141,Frozen Food ManufacturingT,Frozen Food ManufacturingT,NAICS
311411,"Frozen Fruit, Juice, and Vegetable Manufacturing","Frozen Fruit, Juice, and Vegetable Manufacturing",NAICS
311412,Frozen Specialty Food Manufacturing,Frozen Specialty Food Manufacturing,NAICS
31142,"Fruit and Vegetable Canning, Pickling, and DryingT","Fruit and Vegetable Canning, Pickling, and DryingT",NAICS
311421,Fruit and Vegetable Canning,Fruit and Vegetable Canning,NAICS
311422,Specialty Canning,Specialty Canning,NAICS
311423,Dried and Dehydrated Food Manufacturing,Dried and Dehydrated Food Manufacturing,NAICS
3115,Dairy Product ManufacturingT,Dairy Product ManufacturingT,NAICS
31151,Dairy Product (except Frozen) ManufacturingT,Dairy Product (except Frozen) ManufacturingT,NAICS
311511,Fluid Milk Manufacturing,Fluid Milk Manufacturing,NAICS
311512,Creamery Butter Manufacturing,Creamery Butter Manufacturing,NAICS
311513,Cheese Manufacturing,Cheese Manufacturing,NAICS
311514,"Dry, Condensed, and Evaporated Dairy Product Manufacturing","Dry, Condensed, and Evaporated Dairy Product Manufacturing",NAICS
31152,Ice Cream and Frozen Dessert ManufacturingT,Ice Cream and Frozen Dessert ManufacturingT,NAICS
311520,Ice Cream and Frozen Dessert Manufacturing,Ice Cream and Frozen Dessert Manufacturing,NAICS
3116,Animal Slaughtering and ProcessingT,Animal Slaughtering and ProcessingT,NAICS
31161,Animal Slaughtering and ProcessingT,Animal Slaughtering and ProcessingT,NAICS
311611,Animal (except Poultry) Slaughtering,Animal (except Poultry) Slaughtering,NAICS
311612,Meat Processed from Carcasses,Meat Processed from Carcasses,NAICS
311613,Rendering and Meat Byproduct Processing,Rendering and Meat Byproduct Processing,NAICS
311615,Poultry Processing,Poultry Processing,NAICS
3117,Seafood Product Preparation and PackagingT,Seafood Product Preparation and PackagingT,NAICS
31171,Seafood Product Preparation and PackagingT,Seafood Product Preparation and PackagingT,NAICS
311710,Seafood Product Preparation and Packaging,Seafood Product Preparation and Packaging,NAICS
3118,Bakeries and Tortilla ManufacturingT,Bakeries and Tortilla ManufacturingT,NAICS
31181,Bread and Bakery Product ManufacturingT,Bread and Bakery Product ManufacturingT,NAICS
311811,Retail Bakeries,Retail Bakeries,NAICS
311812,Commercial Bakeries,Commercial Bakeries,NAICS
311813,"Frozen Cakes, Pies, and Other Pastries Manufacturing","Frozen Cakes, Pies, and Other Pastries Manufacturing",NAICS
31182,"Cookie, Cracker, and Pasta ManufacturingT","Cookie, Cracker, and Pasta ManufacturingT",NAICS
311821,Cookie and Cracker Manufacturing,Cookie and Cracker Manufacturing,NAICS
311824,"Dry Pasta, Dough, and Flour Mixes Manufacturing from Purchased Flour","Dry Pasta, Dough, and Flour Mixes Manufacturing from Purchased Flour",NAICS
31183,Tortilla ManufacturingT,Tortilla ManufacturingT,NAICS
311830,Tortilla Manufacturing,Tortilla Manufacturing,NAICS
3119,Other Food ManufacturingT,Other Food ManufacturingT,NAICS
31191,Snack Food ManufacturingT,Snack Food ManufacturingT,NAICS
311911,Roasted Nuts and Peanut Butter Manufacturing,Roasted Nuts and Peanut Butter Manufacturing,NAICS
311919,Other Snack Food Manufacturing,Other Snack Food Manufacturing,NAICS
31192,Coffee and Tea ManufacturingT,Coffee and Tea ManufacturingT,NAICS
311920,Coffee and Tea Manufacturing,Coffee and Tea Manufacturing,NAICS
31193,Flavoring Syrup and Concentrate ManufacturingT,Flavoring Syrup and Concentrate ManufacturingT,NAICS
311930,Flavoring Syrup and Concentrate Manufacturing,Flavoring Syrup and Concentrate Manufacturing,NAICS
31194,Seasoning and Dressing ManufacturingT,Seasoning and Dressing ManufacturingT,NAICS
311941,"Mayonnaise, Dressing, and Other Prepared Sauce Manufacturing","Mayonnaise, Dressing, and Other Prepared Sauce Manufacturing",NAICS
311942,Spice and Extract Manufacturing,Spice and Extract Manufacturing,NAICS
31199,All Other Food ManufacturingT,All Other Food ManufacturingT,NAICS
311991,Perishable Prepared Food Manufacturing,Perishable Prepared Food Manufacturing,NAICS
311999,All Other Miscellaneous Food Manufacturing,All Other Miscellaneous Food Manufacturing,NAICS
312,Beverage and Tobacco Product ManufacturingT,Beverage and Tobacco Product ManufacturingT,NAICS
3121,Beverage ManufacturingT,Beverage ManufacturingT,NAICS
31211,Soft Drink and Ice ManufacturingT,Soft Drink and Ice ManufacturingT,NAICS
312111,Soft Drink Manufacturing,Soft Drink Manufacturing,NAICS
312112,Bottled Water Manufacturing,Bottled Water Manufacturing,NAICS
312113,Ice Manufacturing,Ice Manufacturing,NAICS
31212,BreweriesT,BreweriesT,NAICS
312120,Breweries,Breweries,NAICS
31213,WineriesT,WineriesT,NAICS
312130,Wineries,Wineries,NAICS
31214,DistilleriesT,DistilleriesT,NAICS
312140,Distilleries,Distilleries,NAICS
3122,Tobacco ManufacturingT,Tobacco ManufacturingT,NAICS
31223,Tobacco Manufacturing,Tobacco Manufacturing,NAICS
312230,Tobacco Manufacturing,Tobacco Manufacturing,NAICS
313,Textile MillsT,Textile MillsT,NAICS
3131,"Fiber, Yarn, and Thread MillsT","Fiber, Yarn, and Thread MillsT",NAICS
31311,"Fiber, Yarn, and Thread MillsT","Fiber, Yarn, and Thread MillsT",NAICS
313110,"Fiber, Yarn, and Thread Mills","Fiber, Yarn, and Thread Mills",NAICS
3132,Fabric MillsT,Fabric MillsT,NAICS
31321,Broadwoven Fabric MillsT,Broadwoven Fabric MillsT,NAICS
313210,Broadwoven Fabric Mills,Broadwoven Fabric Mills,NAICS
31322,Narrow Fabric Mills and Schiffli Machine EmbroideryT,Narrow Fabric Mills and Schiffli Machine EmbroideryT,NAICS
313220,Narrow Fabric Mills and Schiffli Machine Embroidery,Narrow Fabric Mills and Schiffli Machine Embroidery,NAICS
31323,Nonwoven Fabric MillsT,Nonwoven Fabric MillsT,NAICS
313230,Nonwoven Fabric Mills,Nonwoven Fabric Mills,NAICS
31324,Knit Fabric MillsT,Knit Fabric MillsT,NAICS
313240,Knit Fabric Mills,Knit Fabric Mills,NAICS
3133,Textile and Fabric Finishing and Fabric Coating MillsT,Textile and Fabric Finishing and Fabric Coating MillsT,NAICS
31331,Textile and Fabric Finishing Mills,Textile and Fabric Finishing Mills,NAICS
313310,Textile and Fabric Finishing Mills,Textile and Fabric Finishing Mills,NAICS
31332,Fabric Coating MillsT,Fabric Coating MillsT,NAICS
313320,Fabric Coating Mills,Fabric Coating Mills,NAICS
314,Textile Product MillsT,Textile Product MillsT,NAICS
3141,Textile Furnishings MillsT,Textile Furnishings MillsT,NAICS
31411,Carpet and Rug MillsT,Carpet and Rug MillsT,NAICS
314110,Carpet and Rug Mills,Carpet and Rug Mills,NAICS
31412,Curtain and Linen MillsT,Curtain and Linen MillsT,NAICS
314120,Curtain and Linen Mills,Curtain and Linen Mills,NAICS
3149,Other Textile Product MillsT,Other Textile Product MillsT,NAICS
31491,Textile Bag and Canvas MillsT,Textile Bag and Canvas MillsT,NAICS
314910,Textile Bag and Canvas Mills,Textile Bag and Canvas Mills,NAICS
31499,All Other Textile Product MillsT,All Other Textile Product MillsT,NAICS
314994,"Rope, Cordage, Twine, Tire Cord, and Tire Fabric Mills","Rope, Cordage, Twine, Tire Cord, and Tire Fabric Mills",NAICS
314999,All Other Miscellaneous Textile Product Mills,All Other Miscellaneous Textile Product Mills,NAICS
315,Apparel ManufacturingT,Apparel ManufacturingT,NAICS
3151,Apparel Knitting MillsT,Apparel Knitting MillsT,NAICS
31512,Apparel Knitting MillsT,Apparel Knitting MillsT,NAICS
315120,Apparel Knitting Mills,Apparel Knitting Mills,NAICS
3152,Cut and Sew Apparel ManufacturingT,Cut and Sew Apparel ManufacturingT,NAICS
31521,Cut and Sew Apparel Contractors,Cut and Sew Apparel Contractors,NAICS
315210,Cut and Sew Apparel Contractors,Cut and Sew Apparel Contractors,NAICS
31525,Cut and Sew Apparel Manufacturing (except Contractors),Cut and Sew Apparel Manufacturing (except Contractors),NAICS
315250,Cut and Sew Apparel Manufacturing (except Contractors),Cut and Sew Apparel Manufacturing (except Contractors),NAICS
3159,Apparel Accessories and Other Apparel ManufacturingT,Apparel Accessories and Other Apparel ManufacturingT,NAICS
31599,Apparel Accessories and Other Apparel ManufacturingT,Apparel Accessories and Other Apparel ManufacturingT,NAICS
315990,Apparel Accessories and Other Apparel Manufacturing,Apparel Accessories and Other Apparel Manufacturing,NAICS
316,Leather and Allied Product ManufacturingT,Leather and Allied Product ManufacturingT,NAICS
3161,Leather and Hide Tanning and FinishingT,Leather and Hide Tanning and FinishingT,NAICS
31611,Leather and Hide Tanning and FinishingT,Leather and Hide Tanning and FinishingT,NAICS
316110,Leather and Hide Tanning and Finishing,Leather and Hide Tanning and Finishing,NAICS
3162,Footwear ManufacturingT,Footwear ManufacturingT,NAICS
31621,Footwear ManufacturingT,Footwear ManufacturingT,NAICS
316210,Footwear Manufacturing,Footwear Manufacturing,NAICS
3169,Other Leather and Allied Product ManufacturingT,Other Leather and Allied Product ManufacturingT,NAICS
31699,Other Leather and Allied Product ManufacturingT,Other Leather and Allied Product ManufacturingT,NAICS
316990,Other Leather and Allied Product Manufacturing,Other Leather and Allied Product Manufacturing,NAICS
321,Wood Product ManufacturingT,Wood Product ManufacturingT,NAICS
3211,Sawmills and Wood PreservationT,Sawmills and Wood PreservationT,NAICS
32111,Sawmills and Wood PreservationT,Sawmills and Wood PreservationT,NAICS
321113,Sawmills,Sawmills,NAICS
321114,Wood Preservation,Wood Preservation,NAICS
3212,"Veneer, Plywood, and Engineered Wood Product ManufacturingT","Veneer, Plywood, and Engineered Wood Product ManufacturingT",NAICS
32121,"Veneer, Plywood, and Engineered Wood Product ManufacturingT","Veneer, Plywood, and Engineered Wood Product ManufacturingT",NAICS
321211,Hardwood Veneer and Plywood Manufacturing,Hardwood Veneer and Plywood Manufacturing,NAICS
321212,Softwood Veneer and Plywood Manufacturing,Softwood Veneer and Plywood Manufacturing,NAICS
321215,Engineered Wood Member Manufacturing,Engineered Wood Member Manufacturing,NAICS
321219,Reconstituted Wood Product Manufacturing,Reconstituted Wood Product Manufacturing,NAICS
3219,Other Wood Product ManufacturingT,Other Wood Product ManufacturingT,NAICS
32191,MillworkT,MillworkT,NAICS
321911,Wood Window and Door Manufacturing,Wood Window and Door Manufacturing,NAICS
321912,"Cut Stock, Resawing Lumber, and Planing","Cut Stock, Resawing Lumber, and Planing",NAICS
321918,Other Millwork (including Flooring),Other Millwork (including Flooring),NAICS
32192,Wood Container and Pallet ManufacturingT,Wood Container and Pallet ManufacturingT,NAICS
321920,Wood Container and Pallet Manufacturing,Wood Container and Pallet Manufacturing,NAICS
32199,All Other Wood Product ManufacturingT,All Other Wood Product ManufacturingT,NAICS
321991,Manufactured Home (Mobile Home) Manufacturing,Manufactured Home (Mobile Home) Manufacturing,NAICS
321992,Prefabricated Wood Building Manufacturing,Prefabricated Wood Building Manufacturing,NAICS
321999,All Other Miscellaneous Wood Product Manufacturing,All Other Miscellaneous Wood Product Manufacturing,NAICS
322,Paper ManufacturingT,Paper ManufacturingT,NAICS
3221,"Pulp, Paper, and Paperboard MillsT","Pulp, Paper, and Paperboard MillsT",NAICS
32211,Pulp MillsT,Pulp MillsT,NAICS
322110,Pulp Mills,Pulp Mills,NAICS
32212,Paper MillsT,Paper MillsT,NAICS
322120,Paper Mills,Paper Mills,NAICS
32213,Paperboard MillsT,Paperboard MillsT,NAICS
322130,Paperboard Mills,Paperboard Mills,NAICS
3222,Converted Paper Product ManufacturingT,Converted Paper Product ManufacturingT,NAICS
32221,Paperboard Container ManufacturingT,Paperboard Container ManufacturingT,NAICS
322211,Corrugated and Solid Fiber Box Manufacturing,Corrugated and Solid Fiber Box Manufacturing,NAICS
322212,Folding Paperboard Box Manufacturing,Folding Paperboard Box Manufacturing,NAICS
322219,Other Paperboard Container Manufacturing,Other Paperboard Container Manufacturing,NAICS
32222,Paper Bag and Coated and Treated Paper ManufacturingT,Paper Bag and Coated and Treated Paper ManufacturingT,NAICS
322220,Paper Bag and Coated and Treated Paper Manufacturing,Paper Bag and Coated and Treated Paper Manufacturing,NAICS
32223,Stationery Product ManufacturingT,Stationery Product ManufacturingT,NAICS
322230,Stationery Product Manufacturing,Stationery Product Manufacturing,NAICS
32229,Other Converted Paper Product ManufacturingT,Other Converted Paper Product ManufacturingT,NAICS
322291,Sanitary Paper Product Manufacturing,Sanitary Paper Product Manufacturing,NAICS
322299,All Other Converted Paper Product Manufacturing,All Other Converted Paper Product Manufacturing,NAICS
323,Printing and Related Support ActivitiesT,Printing and Related Support ActivitiesT,NAICS
3231,Printing and Related Support ActivitiesT,Printing and Related Support ActivitiesT,NAICS
32311,PrintingT,PrintingT,NAICS
323111,Commercial Printing (except Screen and Books),Commercial Printing (except Screen and Books),NAICS
323113,Commercial Screen Printing,Commercial Screen Printing,NAICS
323117,Books Printing,Books Printing,NAICS
32312,Support Activities for PrintingT,Support Activities for PrintingT,NAICS
323120,Support Activities for Printing,Support Activities for Printing,NAICS
324,Petroleum and Coal Products ManufacturingT,Petroleum and Coal Products ManufacturingT,NAICS
3241,Petroleum and Coal Products ManufacturingT,Petroleum and Coal Products ManufacturingT,NAICS
32411,Petroleum RefineriesT,Petroleum RefineriesT,NAICS
324110,Petroleum Refineries,Petroleum Refineries,NAICS
32412,"Asphalt Paving, Roofing, and Saturated Materials ManufacturingT","Asphalt Paving, Roofing, and Saturated Materials ManufacturingT",NAICS
324121,Asphalt Paving Mixture and Block Manufacturing,Asphalt Paving Mixture and Block Manufacturing,NAICS
324122,Asphalt Shingle and Coating Materials Manufacturing,Asphalt Shingle and Coating Materials Manufacturing,NAICS
32419,Other Petroleum and Coal Products ManufacturingT,Other Petroleum and Coal Products ManufacturingT,NAICS
324191,Petroleum Lubricating Oil and Grease Manufacturing,Petroleum Lubricating Oil and Grease Manufacturing,NAICS
324199,All Other Petroleum and Coal Products Manufacturing,All Other Petroleum and Coal Products Manufacturing,NAICS
325,Chemical ManufacturingT,Chemical ManufacturingT,NAICS
3251,Basic Chemical ManufacturingT,Basic Chemical ManufacturingT,NAICS
32511,Petrochemical ManufacturingT,Petrochemical ManufacturingT,NAICS
325110,Petrochemical Manufacturing,Petrochemical Manufacturing,NAICS
32512,Industrial Gas ManufacturingT,Industrial Gas ManufacturingT,NAICS
325120,Industrial Gas Manufacturing,Industrial Gas Manufacturing,NAICS
32513,Synthetic Dye and Pigment ManufacturingT,Synthetic Dye and Pigment ManufacturingT,NAICS
325130,Synthetic Dye and Pigment Manufacturing,Synthetic Dye and Pigment Manufacturing,NAICS
32518,Other Basic Inorganic Chemical ManufacturingT,Other Basic Inorganic Chemical ManufacturingT,NAICS
325180,Other Basic Inorganic Chemical Manufacturing,Other Basic Inorganic Chemical Manufacturing,NAICS
32519,Other Basic Organic Chemical ManufacturingT,Other Basic Organic Chemical ManufacturingT,NAICS
325193,Ethyl Alcohol Manufacturing,Ethyl Alcohol Manufacturing,NAICS
325194,"Cyclic Crude, Intermediate, and Gum and Wood Chemical Manufacturing","Cyclic Crude, Intermediate, and Gum and Wood Chemical Manufacturing",NAICS
325199,All Other Basic Organic Chemical Manufacturing,All Other Basic Organic Chemical Manufacturing,NAICS
3252,"Resin, Synthetic Rubber, and Artificial and Synthetic Fibers and Filaments ManufacturingT","Resin, Synthetic Rubber, and Artificial and Synthetic Fibers and Filaments ManufacturingT",NAICS
32521,Resin and Synthetic Rubber ManufacturingT,Resin and Synthetic Rubber ManufacturingT,NAICS
325211,Plastics Material and Resin Manufacturing,Plastics Material and Resin Manufacturing,NAICS
325212,Synthetic Rubber Manufacturing,Synthetic Rubber Manufacturing,NAICS
32522,Artificial and Synthetic Fibers and Filaments ManufacturingT,Artificial and Synthetic Fibers and Filaments ManufacturingT,NAICS
325220,Artificial and Synthetic Fibers and Filaments Manufacturing,Artificial and Synthetic Fibers and Filaments Manufacturing,NAICS
3253,"Pesticide, Fertilizer, and Other Agricultural Chemical ManufacturingT","Pesticide, Fertilizer, and Other Agricultural Chemical ManufacturingT",NAICS
32531,Fertilizer and Compost ManufacturingT,Fertilizer and Compost ManufacturingT,NAICS
325311,Nitrogenous Fertilizer Manufacturing,Nitrogenous Fertilizer Manufacturing,NAICS
325312,Phosphatic Fertilizer Manufacturing,Phosphatic Fertilizer Manufacturing,NAICS
325314,Fertilizer (Mixing Only) Manufacturing,Fertilizer (Mixing Only) Manufacturing,NAICS
325315,Compost Manufacturing,Compost Manufacturing,NAICS
32532,Pesticide and Other Agricultural Chemical ManufacturingT,Pesticide and Other Agricultural Chemical ManufacturingT,NAICS
325320,Pesticide and Other Agricultural Chemical Manufacturing,Pesticide and Other Agricultural Chemical Manufacturing,NAICS
3254,Pharmaceutical and Medicine ManufacturingT,Pharmaceutical and Medicine ManufacturingT,NAICS
32541,Pharmaceutical and Medicine ManufacturingT,Pharmaceutical and Medicine ManufacturingT,NAICS
325411,Medicinal and Botanical Manufacturing,Medicinal and Botanical Manufacturing,NAICS
325412,Pharmaceutical Preparation Manufacturing,Pharmaceutical Preparation Manufacturing,NAICS
325413,In-Vitro Diagnostic Substance Manufacturing,In-Vitro Diagnostic Substance Manufacturing,NAICS
325414,Biological Product (except Diagnostic) Manufacturing,Biological Product (except Diagnostic) Manufacturing,NAICS
3255,"Paint, Coating, and Adhesive ManufacturingT","Paint, Coating, and Adhesive ManufacturingT",NAICS
32551,Paint and Coating ManufacturingT,Paint and Coating ManufacturingT,NAICS
325510,Paint and Coating Manufacturing,Paint and Coating Manufacturing,NAICS
32552,Adhesive ManufacturingT,Adhesive ManufacturingT,NAICS
325520,Adhesive Manufacturing,Adhesive Manufacturing,NAICS
3256,"Soap, Cleaning Compound, and Toilet Preparation ManufacturingT","Soap, Cleaning Compound, and Toilet Preparation ManufacturingT",NAICS
32561,Soap and Cleaning Compound ManufacturingT,Soap and Cleaning Compound ManufacturingT,NAICS
325611,Soap and Other Detergent Manufacturing,Soap and Other Detergent Manufacturing,NAICS
325612,Polish and Other Sanitation Good Manufacturing,Polish and Other Sanitation Good Manufacturing,NAICS
325613,Surface Active Agent Manufacturing,Surface Active Agent Manufacturing,NAICS
32562,Toilet Preparation ManufacturingT,Toilet Preparation ManufacturingT,NAICS
325620,Toilet Preparation Manufacturing,Toilet Preparation Manufacturing,NAICS
3259,Other Chemical Product and Preparation ManufacturingT,Other Chemical Product and Preparation ManufacturingT,NAICS
32591,Printing Ink ManufacturingT,Printing Ink ManufacturingT,NAICS
325910,Printing Ink Manufacturing,Printing Ink Manufacturing,NAICS
32592,Explosives ManufacturingT,Explosives ManufacturingT,NAICS
325920,Explosives Manufacturing,Explosives Manufacturing,NAICS
32599,All Other Chemical Product and Preparation ManufacturingT,All Other Chemical Product and Preparation ManufacturingT,NAICS
325991,Custom Compounding of Purchased Resins,Custom Compounding of Purchased Resins,NAICS
325992,"Photographic Film, Paper, Plate, Chemical, and Copy Toner Manufacturing","Photographic Film, Paper, Plate, Chemical, and Copy Toner Manufacturing",NAICS
325998,All Other Miscellaneous Chemical Product and Preparation Manufacturing,All Other Miscellaneous Chemical Product and Preparation Manufacturing,NAICS
326,Plastics and Rubber Products ManufacturingT,Plastics and Rubber Products ManufacturingT,NAICS
3261,Plastics Product ManufacturingT,Plastics Product ManufacturingT,NAICS
32611,Plastics Packaging Materials and Unlaminated Film and Sheet ManufacturingT,Plastics Packaging Materials and Unlaminated Film and Sheet ManufacturingT,NAICS
326111,Plastics Bag and Pouch Manufacturing,Plastics Bag and Pouch Manufacturing,NAICS
326112,Plastics Packaging Film and Sheet (including Laminated) Manufacturing,Plastics Packaging Film and Sheet (including Laminated) Manufacturing,NAICS
326113,Unlaminated Plastics Film and Sheet (except Packaging) Manufacturing,Unlaminated Plastics Film and Sheet (except Packaging) Manufacturing,NAICS
32612,"Plastics Pipe, Pipe Fitting, and Unlaminated Profile Shape ManufacturingT","Plastics Pipe, Pipe Fitting, and Unlaminated Profile Shape ManufacturingT",NAICS
326121,Unlaminated Plastics Profile Shape Manufacturing,Unlaminated Plastics Profile Shape Manufacturing,NAICS
326122,Plastics Pipe and Pipe Fitting Manufacturing,Plastics Pipe and Pipe Fitting Manufacturing,NAICS
32613,"Laminated Plastics Plate, Sheet (except Packaging), and Shape ManufacturingT","Laminated Plastics Plate, Sheet (except Packaging), and Shape ManufacturingT",NAICS
326130,"Laminated Plastics Plate, Sheet (except Packaging), and Shape Manufacturing","Laminated Plastics Plate, Sheet (except Packaging), and Shape Manufacturing",NAICS
32614,Polystyrene Foam Product ManufacturingT,Polystyrene Foam Product ManufacturingT,NAICS
326140,Polystyrene Foam Product Manufacturing,Polystyrene Foam Product Manufacturing,NAICS
32615,Urethane and Other Foam Product (except Polystyrene) ManufacturingT,Urethane and Other Foam Product (except Polystyrene) ManufacturingT,NAICS
326150,Urethane and Other Foam Product (except Polystyrene) Manufacturing,Urethane and Other Foam Product (except Polystyrene) Manufacturing,NAICS
32616,Plastics Bottle ManufacturingT,Plastics Bottle ManufacturingT,NAICS
326160,Plastics Bottle Manufacturing,Plastics Bottle Manufacturing,NAICS
32619,Other Plastics Product ManufacturingT,Other Plastics Product ManufacturingT,NAICS
326191,Plastics Plumbing Fixture Manufacturing,Plastics Plumbing Fixture Manufacturing,NAICS
326199,All Other Plastics Product Manufacturing,All Other Plastics Product Manufacturing,NAICS
3262,Rubber Product ManufacturingT,Rubber Product ManufacturingT,NAICS
32621,Tire ManufacturingT,Tire ManufacturingT,NAICS
326211,Tire Manufacturing (except Retreading),Tire Manufacturing (except Retreading),NAICS
326212,Tire Retreading,Tire Retreading,NAICS
32622,Rubber and Plastics Hoses and Belting ManufacturingT,Rubber and Plastics Hoses and Belting ManufacturingT,NAICS
326220,Rubber and Plastics Hoses and Belting Manufacturing,Rubber and Plastics Hoses and Belting Manufacturing,NAICS
32629,Other Rubber Product ManufacturingT,Other Rubber Product ManufacturingT,NAICS
326291,Rubber Product Manufacturing for Mechanical Use,Rubber Product Manufacturing for Mechanical Use,NAICS
326299,All Other Rubber Product Manufacturing,All Other Rubber Product Manufacturing,NAICS
327,Nonmetallic Mineral Product ManufacturingT,Nonmetallic Mineral Product ManufacturingT,NAICS
3271,Clay Product and Refractory ManufacturingT,Clay Product and Refractory ManufacturingT,NAICS
32711,"Pottery, Ceramics, and Plumbing Fixture ManufacturingT","Pottery, Ceramics, and Plumbing Fixture ManufacturingT",NAICS
327110,"Pottery, Ceramics, and Plumbing Fixture Manufacturing","Pottery, Ceramics, and Plumbing Fixture Manufacturing",NAICS
32712,Clay Building Material and Refractories ManufacturingT,Clay Building Material and Refractories ManufacturingT,NAICS
327120,Clay Building Material and Refractories Manufacturing,Clay Building Material and Refractories Manufacturing,NAICS
3272,Glass and Glass Product ManufacturingT,Glass and Glass Product ManufacturingT,NAICS
32721,Glass and Glass Product ManufacturingT,Glass and Glass Product ManufacturingT,NAICS
327211,Flat Glass Manufacturing,Flat Glass Manufacturing,NAICS
327212,Other Pressed and Blown Glass and Glassware Manufacturing,Other Pressed and Blown Glass and Glassware Manufacturing,NAICS
327213,Glass Container Manufacturing,Glass Container Manufacturing,NAICS
327215,Glass Product Manufacturing Made of Purchased Glass,Glass Product Manufacturing Made of Purchased Glass,NAICS
3273,Cement and Concrete Product ManufacturingT,Cement and Concrete Product ManufacturingT,NAICS
32731,Cement ManufacturingT,Cement ManufacturingT,NAICS
327310,Cement Manufacturing,Cement Manufacturing,NAICS
32732,Ready-Mix Concrete ManufacturingT,Ready-Mix Concrete ManufacturingT,NAICS
327320,Ready-Mix Concrete Manufacturing,Ready-Mix Concrete Manufacturing,NAICS
32733,"Concrete Pipe, Brick, and Block ManufacturingT","Concrete Pipe, Brick, and Block ManufacturingT",NAICS
327331,Concrete Block and Brick Manufacturing,Concrete Block and Brick Manufacturing,NAICS
327332,Concrete Pipe Manufacturing,Concrete Pipe Manufacturing,NAICS
32739,Other Concrete Product ManufacturingT,Other Concrete Product ManufacturingT,NAICS
327390,Other Concrete Product Manufacturing,Other Concrete Product Manufacturing,NAICS
3274,Lime and Gypsum Product ManufacturingT,Lime and Gypsum Product ManufacturingT,NAICS
32741,Lime ManufacturingT,Lime ManufacturingT,NAICS
327410,Lime Manufacturing,Lime Manufacturing,NAICS
32742,Gypsum Product ManufacturingT,Gypsum Product ManufacturingT,NAICS
327420,Gypsum Product Manufacturing,Gypsum Product Manufacturing,NAICS
3279,Other Nonmetallic Mineral Product ManufacturingT,Other Nonmetallic Mineral Product ManufacturingT,NAICS
32791,Abrasive Product ManufacturingT,Abrasive Product ManufacturingT,NAICS
327910,Abrasive Product Manufacturing,Abrasive Product Manufacturing,NAICS
32799,All Other Nonmetallic Mineral Product ManufacturingT,All Other Nonmetallic Mineral Product ManufacturingT,NAICS
327991,Cut Stone and Stone Product Manufacturing,Cut Stone and Stone Product Manufacturing,NAICS
327992,Ground or Treated Mineral and Earth Manufacturing,Ground or Treated Mineral and Earth Manufacturing,NAICS
327993,Mineral Wool Manufacturing,Mineral Wool Manufacturing,NAICS
327999,All Other Miscellaneous Nonmetallic Mineral Product Manufacturing,All Other Miscellaneous Nonmetallic Mineral Product Manufacturing,NAICS
331,Primary Metal ManufacturingT,Primary Metal ManufacturingT,NAICS
3311,Iron and Steel Mills and Ferroalloy ManufacturingT,Iron and Steel Mills and Ferroalloy ManufacturingT,NAICS
33111,Iron and Steel Mills and Ferroalloy ManufacturingT,Iron and Steel Mills and Ferroalloy ManufacturingT,NAICS
331110,Iron and Steel Mills and Ferroalloy Manufacturing,Iron and Steel Mills and Ferroalloy Manufacturing,NAICS
3312,Steel Product Manufacturing from Purchased SteelT,Steel Product Manufacturing from Purchased SteelT,NAICS
33121,Iron and Steel Pipe and Tube Manufacturing from Purchased SteelT,Iron and Steel Pipe and Tube Manufacturing from Purchased SteelT,NAICS
331210,Iron and Steel Pipe and Tube Manufacturing from Purchased Steel,Iron and Steel Pipe and Tube Manufacturing from Purchased Steel,NAICS
33122,Rolling and Drawing of Purchased SteelT,Rolling and Drawing of Purchased SteelT,NAICS
331221,Rolled Steel Shape Manufacturing,Rolled Steel Shape Manufacturing,NAICS
331222,Steel Wire Drawing,Steel Wire Drawing,NAICS
3313,Alumina and Aluminum Production and ProcessingT,Alumina and Aluminum Production and ProcessingT,NAICS
33131,Alumina and Aluminum Production and ProcessingT,Alumina and Aluminum Production and ProcessingT,NAICS
331313,Alumina Refining and Primary Aluminum Production,Alumina Refining and Primary Aluminum Production,NAICS
331314,Secondary Smelting and Alloying of Aluminum,Secondary Smelting and Alloying of Aluminum,NAICS
331315,"Aluminum Sheet, Plate, and Foil Manufacturing","Aluminum Sheet, Plate, and Foil Manufacturing",NAICS
331318,"Other Aluminum Rolling, Drawing, and Extruding","Other Aluminum Rolling, Drawing, and Extruding",NAICS
3314,Nonferrous Metal (except Aluminum) Production and ProcessingT,Nonferrous Metal (except Aluminum) Production and ProcessingT,NAICS
33141,Nonferrous Metal (except Aluminum) Smelting and RefiningT,Nonferrous Metal (except Aluminum) Smelting and RefiningT,NAICS
331410,Nonferrous Metal (except Aluminum) Smelting and Refining,Nonferrous Metal (except Aluminum) Smelting and Refining,NAICS
33142,"Copper Rolling, Drawing, Extruding, and AlloyingT","Copper Rolling, Drawing, Extruding, and AlloyingT",NAICS
331420,"Copper Rolling, Drawing, Extruding, and Alloying","Copper Rolling, Drawing, Extruding, and Alloying",NAICS
33149,"Nonferrous Metal (except Copper and Aluminum) Rolling, Drawing, Extruding, and AlloyingT","Nonferrous Metal (except Copper and Aluminum) Rolling, Drawing, Extruding, and AlloyingT",NAICS
331491,"Nonferrous Metal (except Copper and Aluminum) Rolling, Drawing, and Extruding","Nonferrous Metal (except Copper and Aluminum) Rolling, Drawing, and Extruding",NAICS
331492,"Secondary Smelting, Refining, and Alloying of Nonferrous Metal (except Copper and Aluminum)","Secondary Smelting, Refining, and Alloying of Nonferrous Metal (except Copper and Aluminum)",NAICS
3315,FoundriesT,FoundriesT,NAICS
33151,Ferrous Metal FoundriesT,Ferrous Metal FoundriesT,NAICS
331511,Iron Foundries,Iron Foundries,NAICS
331512,Steel Investment Foundries,Steel Investment Foundries,NAICS
331513,Steel Foundries (except Investment),Steel Foundries (except Investment),NAICS
33152,Nonferrous Metal FoundriesT,Nonferrous Metal FoundriesT,NAICS
331523,Nonferrous Metal Die-Casting Foundries,Nonferrous Metal Die-Casting Foundries,NAICS
331524,Aluminum Foundries (except Die-Casting),Aluminum Foundries (except Die-Casting),NAICS
331529,Other Nonferrous Metal Foundries (except Die-Casting),Other Nonferrous Metal Foundries (except Die-Casting),NAICS
332,Fabricated Metal Product ManufacturingT,Fabricated Metal Product ManufacturingT,NAICS
3321,Forging and StampingT,Forging and StampingT,NAICS
33211,Forging and StampingT,Forging and StampingT,NAICS
332111,Iron and Steel Forging,Iron and Steel Forging,NAICS
332112,Nonferrous Forging,Nonferrous Forging,NAICS
332114,Custom Roll Forming,Custom Roll Forming,NAICS
332117,Powder Metallurgy Part Manufacturing,Powder Metallurgy Part Manufacturing,NAICS
332119,"Metal Crown, Closure, and Other Metal Stamping (except Automotive)","Metal Crown, Closure, and Other Metal Stamping (except Automotive)",NAICS
3322,Cutlery and Handtool ManufacturingT,Cutlery and Handtool ManufacturingT,NAICS
33221,Cutlery and Handtool ManufacturingT,Cutlery and Handtool ManufacturingT,NAICS
332215,"Metal Kitchen Cookware, Utensil, Cutlery, and Flatware (except Precious) Manufacturing","Metal Kitchen Cookware, Utensil, Cutlery, and Flatware (except Precious) Manufacturing",NAICS
332216,Saw Blade and Handtool Manufacturing,Saw Blade and Handtool Manufacturing,NAICS
3323,Architectural and Structural Metals ManufacturingT,Architectural and Structural Metals ManufacturingT,NAICS
33231,Plate Work and Fabricated Structural Product ManufacturingT,Plate Work and Fabricated Structural Product ManufacturingT,NAICS
332311,Prefabricated Metal Building and Component Manufacturing,Prefabricated Metal Building and Component Manufacturing,NAICS
332312,Fabricated Structural Metal Manufacturing,Fabricated Structural Metal Manufacturing,NAICS
332313,Plate Work Manufacturing,Plate Work Manufacturing,NAICS
33232,Ornamental and Architectural Metal Products ManufacturingT,Ornamental and Architectural Metal Products ManufacturingT,NAICS
332321,Metal Window and Door Manufacturing,Metal Window and Door Manufacturing,NAICS
332322,Sheet Metal Work Manufacturing,Sheet Metal Work Manufacturing,NAICS
332323,Ornamental and Architectural Metal Work Manufacturing,Ornamental and Architectural Metal Work Manufacturing,NAICS
3324,"Boiler, Tank, and Shipping Container ManufacturingT","Boiler, Tank, and Shipping Container ManufacturingT",NAICS
33241,Power Boiler and Heat Exchanger ManufacturingT,Power Boiler and Heat Exchanger ManufacturingT,NAICS
332410,Power Boiler and Heat Exchanger Manufacturing,Power Boiler and Heat Exchanger Manufacturing,NAICS
33242,Metal Tank (Heavy Gauge) ManufacturingT,Metal Tank (Heavy Gauge) ManufacturingT,NAICS
332420,Metal Tank (Heavy Gauge) Manufacturing,Metal Tank (Heavy Gauge) Manufacturing,NAICS
33243,"Metal Can, Box, and Other Metal Container (Light Gauge) ManufacturingT","Metal Can, Box, and Other Metal Container (Light Gauge) ManufacturingT",NAICS
332431,Metal Can Manufacturing,Metal Can Manufacturing,NAICS
332439,Other Metal Container Manufacturing,Other Metal Container Manufacturing,NAICS
3325,Hardware ManufacturingT,Hardware ManufacturingT,NAICS
33251,Hardware ManufacturingT,Hardware ManufacturingT,NAICS
332510,Hardware Manufacturing,Hardware Manufacturing,NAICS
3326,Spring and Wire Product ManufacturingT,Spring and Wire Product ManufacturingT,NAICS
33261,Spring and Wire Product ManufacturingT,Spring and Wire Product ManufacturingT,NAICS
332613,Spring Manufacturing,Spring Manufacturing,NAICS
332618,Other Fabricated Wire Product Manufacturing,Other Fabricated Wire Product Manufacturing,NAICS
3327,"Machine Shops; Turned Product; and Screw, Nut, and Bolt ManufacturingT","Machine Shops; Turned Product; and Screw, Nut, and Bolt ManufacturingT",NAICS
33271,Machine ShopsT,Machine ShopsT,NAICS
332710,Machine Shops,Machine Shops,NAICS
33272,"Turned Product and Screw, Nut, and Bolt ManufacturingT","Turned Product and Screw, Nut, and Bolt ManufacturingT",NAICS
332721,Precision Turned Product Manufacturing,Precision Turned Product Manufacturing,NAICS
332722,"Bolt, Nut, Screw, Rivet, and Washer Manufacturing","Bolt, Nut, Screw, Rivet, and Washer Manufacturing",NAICS
3328,"Coating, Engraving, Heat Treating, and Allied ActivitiesT","Coating, Engraving, Heat Treating, and Allied ActivitiesT",NAICS
33281,"Coating, Engraving, Heat Treating, and Allied ActivitiesT","Coating, Engraving, Heat Treating, and Allied ActivitiesT",NAICS
332811,Metal Heat Treating,Metal Heat Treating,NAICS
332812,"Metal Coating, Engraving (except Jewelry and Silverware), and Allied Services to Manufacturers","Metal Coating, Engraving (except Jewelry and Silverware), and Allied Services to Manufacturers",NAICS
332813,"Electroplating, Plating, Polishing, Anodizing, and Coloring","Electroplating, Plating, Polishing, Anodizing, and Coloring",NAICS
3329,Other Fabricated Metal Product ManufacturingT,Other Fabricated Metal Product ManufacturingT,NAICS
33291,Metal Valve ManufacturingT,Metal Valve ManufacturingT,NAICS
332911,Industrial Valve Manufacturing,Industrial Valve Manufacturing,NAICS
332912,Fluid Power Valve and Hose Fitting Manufacturing,Fluid Power Valve and Hose Fitting Manufacturing,NAICS
332913,Plumbing Fixture Fitting and Trim Manufacturing,Plumbing Fixture Fitting and Trim Manufacturing,NAICS
332919,Other Metal Valve and Pipe Fitting Manufacturing,Other Metal Valve and Pipe Fitting Manufacturing,NAICS
33299,All Other Fabricated Metal Product ManufacturingT,All Other Fabricated Metal Product ManufacturingT,NAICS
332991,Ball and Roller Bearing Manufacturing,Ball and Roller Bearing Manufacturing,NAICS
332992,Small Arms Ammunition Manufacturing,Small Arms Ammunition Manufacturing,NAICS
332993,Ammunition (except Small Arms) Manufacturing,Ammunition (except Small Arms) Manufacturing,NAICS
332994,"Small Arms, Ordnance, and Ordnance Accessories Manufacturing","Small Arms, Ordnance, and Ordnance Accessories Manufacturing",NAICS
332996,Fabricated Pipe and Pipe Fitting Manufacturing,Fabricated Pipe and Pipe Fitting Manufacturing,NAICS
332999,All Other Miscellaneous Fabricated Metal Product Manufacturing,All Other Miscellaneous Fabricated Metal Product Manufacturing,NAICS
333,Machinery ManufacturingT,Machinery ManufacturingT,NAICS
3331,"Agriculture, Construction, and Mining Machinery ManufacturingT","Agriculture, Construction, and Mining Machinery ManufacturingT",NAICS
33311,Agricultural Implement ManufacturingT,Agricultural Implement ManufacturingT,NAICS
333111,Farm Machinery and Equipment Manufacturing,Farm Machinery and Equipment Manufacturing,NAICS
333112,Lawn and Garden Tractor and Home Lawn and Garden Equipment Manufacturing,Lawn and Garden Tractor and Home Lawn and Garden Equipment Manufacturing,NAICS
33312,Construction Machinery ManufacturingT,Construction Machinery ManufacturingT,NAICS
333120,Construction Machinery Manufacturing,Construction Machinery Manufacturing,NAICS
33313,Mining and Oil and Gas Field Machinery ManufacturingT,Mining and Oil and Gas Field Machinery ManufacturingT,NAICS
333131,Mining Machinery and Equipment Manufacturing,Mining Machinery and Equipment Manufacturing,NAICS
333132,Oil and Gas Field Machinery and Equipment Manufacturing,Oil and Gas Field Machinery and Equipment Manufacturing,NAICS
3332,Industrial Machinery ManufacturingT,Industrial Machinery ManufacturingT,NAICS
33324,Industrial Machinery ManufacturingT,Industrial Machinery ManufacturingT,NAICS
333241,Food Product Machinery Manufacturing,Food Product Machinery Manufacturing,NAICS
333242,Semiconductor Machinery Manufacturing,Semiconductor Machinery Manufacturing,NAICS
333243,"Sawmill, Woodworking, and Paper Machinery Manufacturing","Sawmill, Woodworking, and Paper Machinery Manufacturing",NAICS
333248,All Other Industrial Machinery Manufacturing,All Other Industrial Machinery Manufacturing,NAICS
3333,Commercial and Service Industry Machinery ManufacturingT,Commercial and Service Industry Machinery ManufacturingT,NAICS
33331,Commercial and Service Industry Machinery ManufacturingT,Commercial and Service Industry Machinery ManufacturingT,NAICS
333310,Commercial and Service Industry Machinery Manufacturing,Commercial and Service Industry Machinery Manufacturing,NAICS
3334,"Ventilation, Heating, Air-Conditioning, and Commercial Refrigeration Equipment ManufacturingT","Ventilation, Heating, Air-Conditioning, and Commercial Refrigeration Equipment ManufacturingT",NAICS
33341,"Ventilation, Heating, Air-Conditioning, and Commercial Refrigeration Equipment ManufacturingT","Ventilation, Heating, Air-Conditioning, and Commercial Refrigeration Equipment ManufacturingT",NAICS
333413,Industrial and Commercial Fan and Blower and Air Purification Equipment Manufacturing,Industrial and Commercial Fan and Blower and Air Purification Equipment Manufacturing,NAICS
333414,Heating Equipment (except Warm Air Furnaces) Manufacturing,Heating Equipment (except Warm Air Furnaces) Manufacturing,NAICS
333415,Air-Conditioning and Warm Air Heating Equipment and Commercial and Industrial Refrigeration Equipment Manufacturing,Air-Conditioning and Warm Air Heating Equipment and Commercial and Industrial Refrigeration Equipment Manufacturing,NAICS
3335,Metalworking Machinery ManufacturingT,Metalworking Machinery ManufacturingT,NAICS
33351,Metalworking Machinery ManufacturingT,Metalworking Machinery ManufacturingT,NAICS
333511,Industrial Mold Manufacturing,Industrial Mold Manufacturing,NAICS
333514,"Special Die and Tool, Die Set, Jig, and Fixture Manufacturing","Special Die and Tool, Die Set, Jig, and Fixture Manufacturing",NAICS
333515,Cutting Tool and Machine Tool Accessory Manufacturing,Cutting Tool and Machine Tool Accessory Manufacturing,NAICS
333517,Machine Tool Manufacturing,Machine Tool Manufacturing,NAICS
333519,Rolling Mill and Other Metalworking Machinery Manufacturing,Rolling Mill and Other Metalworking Machinery Manufacturing,NAICS
3336,"Engine, Turbine, and Power Transmission Equipment ManufacturingT","Engine, Turbine, and Power Transmission Equipment ManufacturingT",NAICS
33361,"Engine, Turbine, and Power Transmission Equipment ManufacturingT","Engine, Turbine, and Power Transmission Equipment ManufacturingT",NAICS
333611,Turbine and Turbine Generator Set Units Manufacturing,Turbine and Turbine Generator Set Units Manufacturing,NAICS
333612,"Speed Changer, Industrial High-Speed Drive, and Gear Manufacturing","Speed Changer, Industrial High-Speed Drive, and Gear Manufacturing",NAICS
333613,Mechanical Power Transmission Equipment Manufacturing,Mechanical Power Transmission Equipment Manufacturing,NAICS
333618,Other Engine Equipment Manufacturing,Other Engine Equipment Manufacturing,NAICS
3339,Other General Purpose Machinery ManufacturingT,Other General Purpose Machinery ManufacturingT,NAICS
33391,Pump and Compressor ManufacturingT,Pump and Compressor ManufacturingT,NAICS
333912,Air and Gas Compressor Manufacturing,Air and Gas Compressor Manufacturing,NAICS
333914,"Measuring, Dispensing, and Other Pumping Equipment Manufacturing","Measuring, Dispensing, and Other Pumping Equipment Manufacturing",NAICS
33392,Material Handling Equipment ManufacturingT,Material Handling Equipment ManufacturingT,NAICS
333921,Elevator and Moving Stairway Manufacturing,Elevator and Moving Stairway Manufacturing,NAICS
333922,Conveyor and Conveying Equipment Manufacturing,Conveyor and Conveying Equipment Manufacturing,NAICS
333923,"Overhead Traveling Crane, Hoist, and Monorail System Manufacturing","Overhead Traveling Crane, Hoist, and Monorail System Manufacturing",NAICS
333924,"Industrial Truck, Tractor, Trailer, and Stacker Machinery Manufacturing","Industrial Truck, Tractor, Trailer, and Stacker Machinery Manufacturing",NAICS
33399,All Other General Purpose Machinery ManufacturingT,All Other General Purpose Machinery ManufacturingT,NAICS
333991,Power-Driven Handtool Manufacturing,Power-Driven Handtool Manufacturing,NAICS
333992,Welding and Soldering Equipment Manufacturing,Welding and Soldering Equipment Manufacturing,NAICS
333993,Packaging Machinery Manufacturing,Packaging Machinery Manufacturing,NAICS
333994,Industrial Process Furnace and Oven Manufacturing,Industrial Process Furnace and Oven Manufacturing,NAICS
333995,Fluid Power Cylinder and Actuator Manufacturing,Fluid Power Cylinder and Actuator Manufacturing,NAICS
333996,Fluid Power Pump and Motor Manufacturing,Fluid Power Pump and Motor Manufacturing,NAICS
333998,All Other Miscellaneous General Purpose Machinery Manufacturing,All Other Miscellaneous General Purpose Machinery Manufacturing,NAICS
334,Computer and Electronic Product ManufacturingT,Computer and Electronic Product ManufacturingT,NAICS
3341,Computer and Peripheral Equipment ManufacturingT,Computer and Peripheral Equipment ManufacturingT,NAICS
33411,Computer and Peripheral Equipment ManufacturingT,Computer and Peripheral Equipment ManufacturingT,NAICS
334111,Electronic Computer Manufacturing,Electronic Computer Manufacturing,NAICS
334112,Computer Storage Device Manufacturing,Computer Storage Device Manufacturing,NAICS
334118,Computer Terminal and Other Computer Peripheral Equipment Manufacturing,Computer Terminal and Other Computer Peripheral Equipment Manufacturing,NAICS
3342,Communications Equipment ManufacturingT,Communications Equipment ManufacturingT,NAICS
33421,Telephone Apparatus ManufacturingT,Telephone Apparatus ManufacturingT,NAICS
334210,Telephone Apparatus Manufacturing,Telephone Apparatus Manufacturing,NAICS
33422,Radio and Television Broadcasting and Wireless Communications Equipment ManufacturingT,Radio and Television Broadcasting and Wireless Communications Equipment ManufacturingT,NAICS
334220,Radio and Television Broadcasting and Wireless Communications Equipment Manufacturing,Radio and Television Broadcasting and Wireless Communications Equipment Manufacturing,NAICS
33429,Other Communications Equipment ManufacturingT,Other Communications Equipment ManufacturingT,NAICS
334290,Other Communications Equipment Manufacturing,Other Communications Equipment Manufacturing,NAICS
3343,Audio and Video Equipment ManufacturingT,Audio and Video Equipment ManufacturingT,NAICS
33431,Audio and Video Equipment ManufacturingT,Audio and Video Equipment ManufacturingT,NAICS
334310,Audio and Video Equipment Manufacturing,Audio and Video Equipment Manufacturing,NAICS
3344,Semiconductor and Other Electronic Component ManufacturingT,Semiconductor and Other Electronic Component ManufacturingT,NAICS
33441,Semiconductor and Other Electronic Component ManufacturingT,Semiconductor and Other Electronic Component ManufacturingT,NAICS
334412,Bare Printed Circuit Board Manufacturing,Bare Printed Circuit Board Manufacturing,NAICS
334413,Semiconductor and Related Device Manufacturing,Semiconductor and Related Device Manufacturing,NAICS
334416,"Capacitor, Resistor, Coil, Transformer, and Other Inductor Manufacturing","Capacitor, Resistor, Coil, Transformer, and Other Inductor Manufacturing",NAICS
334417,Electronic Connector Manufacturing,Electronic Connector Manufacturing,NAICS
334418,Printed Circuit Assembly (Electronic Assembly) Manufacturing,Printed Circuit Assembly (Electronic Assembly) Manufacturing,NAICS
334419,Other Electronic Component Manufacturing,Other Electronic Component Manufacturing,NAICS
3345,"Navigational, Measuring, Electromedical, and Control Instruments ManufacturingT","Navigational, Measuring, Electromedical, and Control Instruments ManufacturingT",NAICS
33451,"Navigational, Measuring, Electromedical, and Control Instruments ManufacturingT","Navigational, Measuring, Electromedical, and Control Instruments ManufacturingT",NAICS
334510,Electromedical and Electrotherapeutic Apparatus Manufacturing,Electromedical and Electrotherapeutic Apparatus Manufacturing,NAICS
334511,"Search, Detection, Navigation, Guidance, Aeronautical, and Nautical System and Instrument Manufacturing","Search, Detection, Navigation, Guidance, Aeronautical, and Nautical System and Instrument Manufacturing",NAICS
334512,"Automatic Environmental Control Manufacturing for Residential, Commercial, and Appliance Use","Automatic Environmental Control Manufacturing for Residential, Commercial, and Appliance Use",NAICS
334513,"Instruments and Related Products Manufacturing for Measuring, Displaying, and Controlling Industrial Process Variables","Instruments and Related Products Manufacturing for Measuring, Displaying, and Controlling Industrial Process Variables",NAICS
334514,Totalizing Fluid Meter and Counting Device Manufacturing,Totalizing Fluid Meter and Counting Device Manufacturing,NAICS
334515,Instrument Manufacturing for Measuring and Testing Electricity and Electrical Signals,Instrument Manufacturing for Measuring and Testing Electricity and Electrical Signals,NAICS
334516,Analytical Laboratory Instrument Manufacturing,Analytical Laboratory Instrument Manufacturing,NAICS
334517,Irradiation Apparatus Manufacturing,Irradiation Apparatus Manufacturing,NAICS
334519,Other Measuring and Controlling Device Manufacturing,Other Measuring and Controlling Device Manufacturing,NAICS
3346,Manufacturing and Reproducing Magnetic and Optical MediaT,Manufacturing and Reproducing Magnetic and Optical MediaT,NAICS
33461,Manufacturing and Reproducing Magnetic and Optical MediaT,Manufacturing and Reproducing Magnetic and Optical MediaT,NAICS
334610,Manufacturing and Reproducing Magnetic and Optical Media,Manufacturing and Reproducing Magnetic and Optical Media,NAICS
335,"Electrical Equipment, Appliance, and Component ManufacturingT","Electrical Equipment, Appliance, and Component ManufacturingT",NAICS
3351,Electric Lighting Equipment ManufacturingT,Electric Lighting Equipment ManufacturingT,NAICS
33513,Electric Lighting Equipment ManufacturingT,Electric Lighting Equipment ManufacturingT,NAICS
335131,Residential Electric Lighting Fixture Manufacturing,Residential Electric Lighting Fixture Manufacturing,NAICS
335132,"Commercial, Industrial, and Institutional Electric Lighting Fixture Manufacturing","Commercial, Industrial, and Institutional Electric Lighting Fixture Manufacturing",NAICS
335139,Electric Lamp Bulb and Other Lighting Equipment Manufacturing,Electric Lamp Bulb and Other Lighting Equipment Manufacturing,NAICS
3352,Household Appliance ManufacturingT,Household Appliance ManufacturingT,NAICS
33521,Small Electrical Appliance ManufacturingT,Small Electrical Appliance ManufacturingT,NAICS
335210,Small Electrical Appliance Manufacturing,Small Electrical Appliance Manufacturing,NAICS
33522,Major Household Appliance ManufacturingT,Major Household Appliance ManufacturingT,NAICS
335220,Major Household Appliance Manufacturing,Major Household Appliance Manufacturing,NAICS
3353,Electrical Equipment ManufacturingT,Electrical Equipment ManufacturingT,NAICS
33531,Electrical Equipment ManufacturingT,Electrical Equipment ManufacturingT,NAICS
335311,"Power, Distribution, and Specialty Transformer Manufacturing","Power, Distribution, and Specialty Transformer Manufacturing",NAICS
335312,Motor and Generator Manufacturing,Motor and Generator Manufacturing,NAICS
335313,Switchgear and Switchboard Apparatus Manufacturing,Switchgear and Switchboard Apparatus Manufacturing,NAICS
335314,Relay and Industrial Control Manufacturing,Relay and Industrial Control Manufacturing,NAICS
3359,Other Electrical Equipment and Component ManufacturingT,Other Electrical Equipment and Component ManufacturingT,NAICS
33591,Battery ManufacturingT,Battery ManufacturingT,NAICS
335910,Battery Manufacturing,Battery Manufacturing,NAICS
33592,Communication and Energy Wire and Cable ManufacturingT,Communication and Energy Wire and Cable ManufacturingT,NAICS
335921,Fiber Optic Cable Manufacturing,Fiber Optic Cable Manufacturing,NAICS
335929,Other Communication and Energy Wire Manufacturing,Other Communication and Energy Wire Manufacturing,NAICS
33593,Wiring Device ManufacturingT,Wiring Device ManufacturingT,NAICS
335931,Current-Carrying Wiring Device Manufacturing,Current-Carrying Wiring Device Manufacturing,NAICS
335932,Noncurrent-Carrying Wiring Device Manufacturing,Noncurrent-Carrying Wiring Device Manufacturing,NAICS
33599,All Other Electrical Equipment and Component ManufacturingT,All Other Electrical Equipment and Component ManufacturingT,NAICS
335991,Carbon and Graphite Product Manufacturing,Carbon and Graphite Product Manufacturing,NAICS
335999,All Other Miscellaneous Electrical Equipment and Component Manufacturing,All Other Miscellaneous Electrical Equipment and Component Manufacturing,NAICS
336,Transportation Equipment ManufacturingT,Transportation Equipment ManufacturingT,NAICS
3361,Motor Vehicle ManufacturingT,Motor Vehicle ManufacturingT,NAICS
33611,Automobile and Light Duty Motor Vehicle ManufacturingT,Automobile and Light Duty Motor Vehicle ManufacturingT,NAICS
336110,Automobile and Light Duty Motor Vehicle Manufacturing,Automobile and Light Duty Motor Vehicle Manufacturing,NAICS
33612,Heavy Duty Truck ManufacturingT,Heavy Duty Truck ManufacturingT,NAICS
336120,Heavy Duty Truck Manufacturing,Heavy Duty Truck Manufacturing,NAICS
3362,Motor Vehicle Body and Trailer ManufacturingT,Motor Vehicle Body and Trailer ManufacturingT,NAICS
33621,Motor Vehicle Body and Trailer ManufacturingT,Motor Vehicle Body and Trailer ManufacturingT,NAICS
336211,Motor Vehicle Body Manufacturing,Motor Vehicle Body Manufacturing,NAICS
336212,Truck Trailer Manufacturing,Truck Trailer Manufacturing,NAICS
336213,Motor Home Manufacturing,Motor Home Manufacturing,NAICS
336214,Travel Trailer and Camper Manufacturing,Travel Trailer and Camper Manufacturing,NAICS
3363,Motor Vehicle Parts ManufacturingT,Motor Vehicle Parts ManufacturingT,NAICS
33631,Motor Vehicle Gasoline Engine and Engine Parts ManufacturingT,Motor Vehicle Gasoline Engine and Engine Parts ManufacturingT,NAICS
336310,Motor Vehicle Gasoline Engine and Engine Parts Manufacturing,Motor Vehicle Gasoline Engine and Engine Parts Manufacturing,NAICS
33632,Motor Vehicle Electrical and Electronic Equipment ManufacturingT,Motor Vehicle Electrical and Electronic Equipment ManufacturingT,NAICS
336320,Motor Vehicle Electrical and Electronic Equipment Manufacturing,Motor Vehicle Electrical and Electronic Equipment Manufacturing,NAICS
33633,Motor Vehicle Steering and Suspension Components (except Spring) ManufacturingT,Motor Vehicle Steering and Suspension Components (except Spring) ManufacturingT,NAICS
336330,Motor Vehicle Steering and Suspension Components (except Spring) Manufacturing,Motor Vehicle Steering and Suspension Components (except Spring) Manufacturing,NAICS
33634,Motor Vehicle Brake System ManufacturingT,Motor Vehicle Brake System ManufacturingT,NAICS
336340,Motor Vehicle Brake System Manufacturing,Motor Vehicle Brake System Manufacturing,NAICS
33635,Motor Vehicle Transmission and Power Train Parts ManufacturingT,Motor Vehicle Transmission and Power Train Parts ManufacturingT,NAICS
336350,Motor Vehicle Transmission and Power Train Parts Manufacturing,Motor Vehicle Transmission and Power Train Parts Manufacturing,NAICS
33636,Motor Vehicle Seating and Interior Trim ManufacturingT,Motor Vehicle Seating and Interior Trim ManufacturingT,NAICS
336360,Motor Vehicle Seating and Interior Trim Manufacturing,Motor Vehicle Seating and Interior Trim Manufacturing,NAICS
33637,Motor Vehicle Metal StampingT,Motor Vehicle Metal StampingT,NAICS
336370,Motor Vehicle Metal Stamping,Motor Vehicle Metal Stamping,NAICS
33639,Other Motor Vehicle Parts ManufacturingT,Other Motor Vehicle Parts ManufacturingT,NAICS
336390,Other Motor Vehicle Parts Manufacturing,Other Motor Vehicle Parts Manufacturing,NAICS
3364,Aerospace Product and Parts ManufacturingT,Aerospace Product and Parts ManufacturingT,NAICS
33641,Aerospace Product and Parts ManufacturingT,Aerospace Product and Parts ManufacturingT,NAICS
336411,Aircraft Manufacturing,Aircraft Manufacturing,NAICS
336412,Aircraft Engine and Engine Parts Manufacturing,Aircraft Engine and Engine Parts Manufacturing,NAICS
336413,Other Aircraft Parts and Auxiliary Equipment Manufacturing,Other Aircraft Parts and Auxiliary Equipment Manufacturing,NAICS
336414,Guided Missile and Space Vehicle Manufacturing,Guided Missile and Space Vehicle Manufacturing,NAICS
336415,Guided Missile and Space Vehicle Propulsion Unit and Propulsion Unit Parts Manufacturing,Guided Missile and Space Vehicle Propulsion Unit and Propulsion Unit Parts Manufacturing,NAICS
336419,Other Guided Missile and Space Vehicle Parts and Auxiliary Equipment Manufacturing,Other Guided Missile and Space Vehicle Parts and Auxiliary Equipment Manufacturing,NAICS
3365,Railroad Rolling Stock ManufacturingT,Railroad Rolling Stock ManufacturingT,NAICS
33651,Railroad Rolling Stock ManufacturingT,Railroad Rolling Stock ManufacturingT,NAICS
336510,Railroad Rolling Stock Manufacturing,Railroad Rolling Stock Manufacturing,NAICS
3366,Ship and Boat BuildingT,Ship and Boat BuildingT,NAICS
33661,Ship and Boat BuildingT,Ship and Boat BuildingT,NAICS
336611,Ship Building and Repairing,Ship Building and Repairing,NAICS
336612,Boat Building,Boat Building,NAICS
3369,Other Transportation Equipment ManufacturingT,Other Transportation Equipment ManufacturingT,NAICS
33699,Other Transportation Equipment ManufacturingT,Other Transportation Equipment ManufacturingT,NAICS
336991,"Motorcycle, Bicycle, and Parts Manufacturing","Motorcycle, Bicycle, and Parts Manufacturing",NAICS
336992,"Military Armored Vehicle, Tank, and Tank Component Manufacturing","Military Armored Vehicle, Tank, and Tank Component Manufacturing",NAICS
336999,All Other Transportation Equipment Manufacturing,All Other Transportation Equipment Manufacturing,NAICS
337,Furniture and Related Product ManufacturingT,Furniture and Related Product ManufacturingT,NAICS
3371,Household and Institutional Furniture and Kitchen Cabinet ManufacturingT,Household and Institutional Furniture and Kitchen Cabinet ManufacturingT,NAICS
33711,Wood Kitchen Cabinet and Countertop ManufacturingT,Wood Kitchen Cabinet and Countertop ManufacturingT,NAICS
337110,Wood Kitchen Cabinet and Countertop Manufacturing,Wood Kitchen Cabinet and Countertop Manufacturing,NAICS
33712,Household and Institutional Furniture ManufacturingT,Household and Institutional Furniture ManufacturingT,NAICS
337121,Upholstered Household Furniture Manufacturing,Upholstered Household Furniture Manufacturing,NAICS
337122,Nonupholstered Wood Household Furniture Manufacturing,Nonupholstered Wood Household Furniture Manufacturing,NAICS
337126,Household Furniture (except Wood and Upholstered) Manufacturing,Household Furniture (except Wood and Upholstered) Manufacturing,NAICS
337127,Institutional Furniture Manufacturing,Institutional Furniture Manufacturing,NAICS
3372,Office Furniture (including Fixtures) ManufacturingT,Office Furniture (including Fixtures) ManufacturingT,NAICS
33721,Office Furniture (including Fixtures) ManufacturingT,Office Furniture (including Fixtures) ManufacturingT,NAICS
337211,Wood Office Furniture Manufacturing,Wood Office Furniture Manufacturing,NAICS
337212,Custom Architectural Woodwork and Millwork Manufacturing,Custom Architectural Woodwork and Millwork Manufacturing,NAICS
337214,Office Furniture (except Wood) Manufacturing,Office Furniture (except Wood) Manufacturing,NAICS
337215,"Showcase, Partition, Shelving, and Locker Manufacturing","Showcase, Partition, Shelving, and Locker Manufacturing",NAICS
3379,Other Furniture Related Product ManufacturingT,Other Furniture Related Product ManufacturingT,NAICS
33791,Mattress ManufacturingT,Mattress ManufacturingT,NAICS
337910,Mattress Manufacturing,Mattress Manufacturing,NAICS
33792,Blind and Shade ManufacturingT,Blind and Shade ManufacturingT,NAICS
337920,Blind and Shade Manufacturing,Blind and Shade Manufacturing,NAICS
339,Miscellaneous ManufacturingT,Miscellaneous ManufacturingT,NAICS
3391,Medical Equipment and Supplies ManufacturingT,Medical Equipment and Supplies ManufacturingT,NAICS
33911,Medical Equipment and Supplies ManufacturingT,Medical Equipment and Supplies ManufacturingT,NAICS
339112,Surgical and Medical Instrument Manufacturing,Surgical and Medical Instrument Manufacturing,NAICS
339113,Surgical Appliance and Supplies Manufacturing,Surgical Appliance and Supplies Manufacturing,NAICS
339114,Dental Equipment and Supplies Manufacturing,Dental Equipment and Supplies Manufacturing,NAICS
339115,Ophthalmic Goods Manufacturing,Ophthalmic Goods Manufacturing,NAICS
339116,Dental Laboratories,Dental Laboratories,NAICS
3399,Other Miscellaneous ManufacturingT,Other Miscellaneous ManufacturingT,NAICS
33991,Jewelry and Silverware ManufacturingT,Jewelry and Silverware ManufacturingT,NAICS
339910,Jewelry and Silverware Manufacturing,Jewelry and Silverware Manufacturing,NAICS
33992,Sporting and Athletic Goods ManufacturingT,Sporting and Athletic Goods ManufacturingT,NAICS
339920,Sporting and Athletic Goods Manufacturing,Sporting and Athletic Goods Manufacturing,NAICS
33993,"Doll, Toy, and Game ManufacturingT","Doll, Toy, and Game ManufacturingT",NAICS
339930,"Doll, Toy, and Game Manufacturing","Doll, Toy, and Game Manufacturing",NAICS
33994,Office Supplies (except Paper) ManufacturingT,Office Supplies (except Paper) ManufacturingT,NAICS
339940,Office Supplies (except Paper) Manufacturing,Office Supplies (except Paper) Manufacturing,NAICS
33995,Sign ManufacturingT,Sign ManufacturingT,NAICS
339950,Sign Manufacturing,Sign Manufacturing,NAICS
33999,All Other Miscellaneous ManufacturingT,All Other Miscellaneous ManufacturingT,NAICS
339991,"Gasket, Packing, and Sealing Device Manufacturing","Gasket, Packing, and Sealing Device Manufacturing",NAICS
339992,Musical Instrument Manufacturing,Musical Instrument Manufacturing,NAICS
339993,"Fastener, Button, Needle, and Pin Manufacturing","Fastener, Button, Needle, and Pin Manufacturing",NAICS
339994,"Broom, Brush, and Mop Manufacturing","Broom, Brush, and Mop Manufacturing",NAICS
339995,Burial Casket Manufacturing,Burial Casket Manufacturing,NAICS
339999,All Other Miscellaneous Manufacturing,All Other Miscellaneous Manufacturing,NAICS
42,Wholesale Trade,Wholesale Trade,NAICS
423,"Merchant Wholesalers, Durable Goods","Merchant Wholesalers, Durable Goods",NAICS
4231,Motor Vehicle and Motor Vehicle Parts and Supplies Merchant Wholesalers,Motor Vehicle and Motor Vehicle Parts and Supplies Merchant Wholesalers,NAICS
42311,Automobile and Other Motor Vehicle Merchant Wholesalers,Automobile and Other Motor Vehicle Merchant Wholesalers,NAICS
423110,Automobile and Other Motor Vehicle Merchant Wholesalers,Automobile and Other Motor Vehicle Merchant Wholesalers,NAICS
42312,Motor Vehicle Supplies and New Parts Merchant Wholesalers,Motor Vehicle Supplies and New Parts Merchant Wholesalers,NAICS
423120,Motor Vehicle Supplies and New Parts Merchant Wholesalers,Motor Vehicle Supplies and New Parts Merchant Wholesalers,NAICS
42313,Tire and Tube Merchant Wholesalers,Tire and Tube Merchant Wholesalers,NAICS
423130,Tire and Tube Merchant Wholesalers,Tire and Tube Merchant Wholesalers,NAICS
42314,Motor Vehicle Parts (Used) Merchant Wholesalers,Motor Vehicle Parts (Used) Merchant Wholesalers,NAICS
423140,Motor Vehicle Parts (Used) Merchant Wholesalers,Motor Vehicle Parts (Used) Merchant Wholesalers,NAICS
4232,Furniture and Home Furnishing Merchant Wholesalers,Furniture and Home Furnishing Merchant Wholesalers,NAICS
42321,Furniture Merchant Wholesalers,Furniture Merchant Wholesalers,NAICS
423210,Furniture Merchant Wholesalers,Furniture Merchant Wholesalers,NAICS
42322,Home Furnishing Merchant Wholesalers,Home Furnishing Merchant Wholesalers,NAICS
423220,Home Furnishing Merchant Wholesalers,Home Furnishing Merchant Wholesalers,NAICS
4233,Lumber and Other Construction Materials Merchant Wholesalers,Lumber and Other Construction Materials Merchant Wholesalers,NAICS
42331,"Lumber, Plywood, Millwork, and Wood Panel Merchant Wholesalers","Lumber, Plywood, Millwork, and Wood Panel Merchant Wholesalers",NAICS
423310,"Lumber, Plywood, Millwork, and Wood Panel Merchant Wholesalers","Lumber, Plywood, Millwork, and Wood Panel Merchant Wholesalers",NAICS
42332,"Brick, Stone, and Related Construction Material Merchant Wholesalers","Brick, Stone, and Related Construction Material Merchant Wholesalers",NAICS
423320,"Brick, Stone, and Related Construction Material Merchant Wholesalers","Brick, Stone, and Related Construction Material Merchant Wholesalers",NAICS
42333,"Roofing, Siding, and Insulation Material Merchant Wholesalers","Roofing, Siding, and Insulation Material Merchant Wholesalers",NAICS
423330,"Roofing, Siding, and Insulation Material Merchant Wholesalers","Roofing, Siding, and Insulation Material Merchant Wholesalers",NAICS
42339,Other Construction Material Merchant Wholesalers,Other Construction Material Merchant Wholesalers,NAICS
423390,Other Construction Material Merchant Wholesalers,Other Construction Material Merchant Wholesalers,NAICS
4234,Professional and Commercial Equipment and Supplies Merchant Wholesalers,Professional and Commercial Equipment and Supplies Merchant Wholesalers,NAICS
42341,Photographic Equipment and Supplies Merchant Wholesalers,Photographic Equipment and Supplies Merchant Wholesalers,NAICS
423410,Photographic Equipment and Supplies Merchant Wholesalers,Photographic Equipment and Supplies Merchant Wholesalers,NAICS
42342,Office Equipment Merchant Wholesalers,Office Equipment Merchant Wholesalers,NAICS
423420,Office Equipment Merchant Wholesalers,Office Equipment Merchant Wholesalers,NAICS
42343,Computer and Computer Peripheral Equipment and Software Merchant Wholesalers,Computer and Computer Peripheral Equipment and Software Merchant Wholesalers,NAICS
423430,Computer and Computer Peripheral Equipment and Software Merchant Wholesalers,Computer and Computer Peripheral Equipment and Software Merchant Wholesalers,NAICS
42344,Other Commercial Equipment Merchant Wholesalers,Other Commercial Equipment Merchant Wholesalers,NAICS
423440,Other Commercial Equipment Merchant Wholesalers,Other Commercial Equipment Merchant Wholesalers,NAICS
42345,"Medical, Dental, and Hospital Equipment and Supplies Merchant Wholesalers","Medical, Dental, and Hospital Equipment and Supplies Merchant Wholesalers",NAICS
423450,"Medical, Dental, and Hospital Equipment and Supplies Merchant Wholesalers","Medical, Dental, and Hospital Equipment and Supplies Merchant Wholesalers",NAICS
42346,Ophthalmic Goods Merchant Wholesalers,Ophthalmic Goods Merchant Wholesalers,NAICS
423460,Ophthalmic Goods Merchant Wholesalers,Ophthalmic Goods Merchant Wholesalers,NAICS
42349,Other Professional Equipment and Supplies Merchant Wholesalers,Other Professional Equipment and Supplies Merchant Wholesalers,NAICS
423490,Other Professional Equipment and Supplies Merchant Wholesalers,Other Professional Equipment and Supplies Merchant Wholesalers,NAICS
4235,Metal and Mineral (except Petroleum) Merchant Wholesalers,Metal and Mineral (except Petroleum) Merchant Wholesalers,NAICS
42351,Metal Service Centers and Other Metal Merchant Wholesalers,Metal Service Centers and Other Metal Merchant Wholesalers,NAICS
423510,Metal Service Centers and Other Metal Merchant Wholesalers,Metal Service Centers and Other Metal Merchant Wholesalers,NAICS
42352,Coal and Other Mineral and Ore Merchant Wholesalers,Coal and Other Mineral and Ore Merchant Wholesalers,NAICS
423520,Coal and Other Mineral and Ore Merchant Wholesalers,Coal and Other Mineral and Ore Merchant Wholesalers,NAICS
4236,Household Appliances and Electrical and Electronic Goods Merchant Wholesalers,Household Appliances and Electrical and Electronic Goods Merchant Wholesalers,NAICS
42361,"Electrical Apparatus and Equipment, Wiring Supplies, and Related Equipment Merchant Wholesalers","Electrical Apparatus and Equipment, Wiring Supplies, and Related Equipment Merchant Wholesalers",NAICS
423610,"Electrical Apparatus and Equipment, Wiring Supplies, and Related Equipment Merchant Wholesalers","Electrical Apparatus and Equipment, Wiring Supplies, and Related Equipment Merchant Wholesalers",NAICS
42362,"Household Appliances, Electric Housewares, and Consumer Electronics Merchant Wholesalers","Household Appliances, Electric Housewares, and Consumer Electronics Merchant Wholesalers",NAICS
423620,"Household Appliances, Electric Housewares, and Consumer Electronics Merchant Wholesalers","Household Appliances, Electric Housewares, and Consumer Electronics Merchant Wholesalers",NAICS
42369,Other Electronic Parts and Equipment Merchant Wholesalers,Other Electronic Parts and Equipment Merchant Wholesalers,NAICS
423690,Other Electronic Parts and Equipment Merchant Wholesalers,Other Electronic Parts and Equipment Merchant Wholesalers,NAICS
4237,"Hardware, and Plumbing and Heating Equipment and Supplies Merchant Wholesalers","Hardware, and Plumbing and Heating Equipment and Supplies Merchant Wholesalers",NAICS
42371,Hardware Merchant Wholesalers,Hardware Merchant Wholesalers,NAICS
423710,Hardware Merchant Wholesalers,Hardware Merchant Wholesalers,NAICS
42372,Plumbing and Heating Equipment and Supplies (Hydronics) Merchant Wholesalers,Plumbing and Heating Equipment and Supplies (Hydronics) Merchant Wholesalers,NAICS
423720,Plumbing and Heating Equipment and Supplies (Hydronics) Merchant Wholesalers,Plumbing and Heating Equipment and Supplies (Hydronics) Merchant Wholesalers,NAICS
42373,Warm Air Heating and Air-Conditioning Equipment and Supplies Merchant Wholesalers,Warm Air Heating and Air-Conditioning Equipment and Supplies Merchant Wholesalers,NAICS
423730,Warm Air Heating and Air-Conditioning Equipment and Supplies Merchant Wholesalers,Warm Air Heating and Air-Conditioning Equipment and Supplies Merchant Wholesalers,NAICS
42374,Refrigeration Equipment and Supplies Merchant Wholesalers,Refrigeration Equipment and Supplies Merchant Wholesalers,NAICS
423740,Refrigeration Equipment and Supplies Merchant Wholesalers,Refrigeration Equipment and Supplies Merchant Wholesalers,NAICS
4238,"Machinery, Equipment, and Supplies Merchant Wholesalers","Machinery, Equipment, and Supplies Merchant Wholesalers",NAICS
42381,Construction and Mining (except Oil Well) Machinery and Equipment Merchant Wholesalers,Construction and Mining (except Oil Well) Machinery and Equipment Merchant Wholesalers,NAICS
423810,Construction and Mining (except Oil Well) Machinery and Equipment Merchant Wholesalers,Construction and Mining (except Oil Well) Machinery and Equipment Merchant Wholesalers,NAICS
42382,Farm and Garden Machinery and Equipment Merchant Wholesalers,Farm and Garden Machinery and Equipment Merchant Wholesalers,NAICS
423820,Farm and Garden Machinery and Equipment Merchant Wholesalers,Farm and Garden Machinery and Equipment Merchant Wholesalers,NAICS
42383,Industrial Machinery and Equipment Merchant Wholesalers,Industrial Machinery and Equipment Merchant Wholesalers,NAICS
423830,Industrial Machinery and Equipment Merchant Wholesalers,Industrial Machinery and Equipment Merchant Wholesalers,NAICS
42384,Industrial Supplies Merchant Wholesalers,Industrial Supplies Merchant Wholesalers,NAICS
423840,Industrial Supplies Merchant Wholesalers,Industrial Supplies Merchant Wholesalers,NAICS
42385,Service Establishment Equipment and Supplies Merchant Wholesalers,Service Establishment Equipment and Supplies Merchant Wholesalers,NAICS
423850,Service Establishment Equipment and Supplies Merchant Wholesalers,Service Establishment Equipment and Supplies Merchant Wholesalers,NAICS
42386,Transportation Equipment and Supplies (except Motor Vehicle) Merchant Wholesalers,Transportation Equipment and Supplies (except Motor Vehicle) Merchant Wholesalers,NAICS
423860,Transportation Equipment and Supplies (except Motor Vehicle) Merchant Wholesalers,Transportation Equipment and Supplies (except Motor Vehicle) Merchant Wholesalers,NAICS
4239,Miscellaneous Durable Goods Merchant Wholesalers,Miscellaneous Durable Goods Merchant Wholesalers,NAICS
42391,Sporting and Recreational Goods and Supplies Merchant Wholesalers,Sporting and Recreational Goods and Supplies Merchant Wholesalers,NAICS
423910,Sporting and Recreational Goods and Supplies Merchant Wholesalers,Sporting and Recreational Goods and Supplies Merchant Wholesalers,NAICS
42392,Toy and Hobby Goods and Supplies Merchant Wholesalers,Toy and Hobby Goods and Supplies Merchant Wholesalers,NAICS
423920,Toy and Hobby Goods and Supplies Merchant Wholesalers,Toy and Hobby Goods and Supplies Merchant Wholesalers,NAICS
42393,Recyclable Material Merchant Wholesalers,Recyclable Material Merchant Wholesalers,NAICS
423930,Recyclable Material Merchant Wholesalers,Recyclable Material Merchant Wholesalers,NAICS
42394,"Jewelry, Watch, Precious Stone, and Precious Metal Merchant Wholesalers","Jewelry, Watch, Precious Stone, and Precious Metal Merchant Wholesalers",NAICS
423940,"Jewelry, Watch, Precious Stone, and Precious Metal Merchant Wholesalers","Jewelry, Watch, Precious Stone, and Precious Metal Merchant Wholesalers",NAICS
42399,Other Miscellaneous Durable Goods Merchant Wholesalers,Other Miscellaneous Durable Goods Merchant Wholesalers,NAICS
423990,Other Miscellaneous Durable Goods Merchant Wholesalers,Other Miscellaneous Durable Goods Merchant Wholesalers,NAICS
424,"Merchant Wholesalers, Nondurable Goods","Merchant Wholesalers, Nondurable Goods",NAICS
4241,Paper and Paper Product Merchant Wholesalers,Paper and Paper Product Merchant Wholesalers,NAICS
42411,Printing and Writing Paper Merchant Wholesalers,Printing and Writing Paper Merchant Wholesalers,NAICS
424110,Printing and Writing Paper Merchant Wholesalers,Printing and Writing Paper Merchant Wholesalers,NAICS
42412,Stationery and Office Supplies Merchant Wholesalers,Stationery and Office Supplies Merchant Wholesalers,NAICS
424120,Stationery and Office Supplies Merchant Wholesalers,Stationery and Office Supplies Merchant Wholesalers,NAICS
42413,Industrial and Personal Service Paper Merchant Wholesalers,Industrial and Personal Service Paper Merchant Wholesalers,NAICS
424130,Industrial and Personal Service Paper Merchant Wholesalers,Industrial and Personal Service Paper Merchant Wholesalers,NAICS
4242,Drugs and Druggists' Sundries Merchant Wholesalers,Drugs and Druggists' Sundries Merchant Wholesalers,NAICS
42421,Drugs and Druggists' Sundries Merchant Wholesalers,Drugs and Druggists' Sundries Merchant Wholesalers,NAICS
424210,Drugs and Druggists' Sundries Merchant Wholesalers,Drugs and Druggists' Sundries Merchant Wholesalers,NAICS
4243,"Apparel, Piece Goods, and Notions Merchant Wholesalers","Apparel, Piece Goods, and Notions Merchant Wholesalers",NAICS
42431,"Piece Goods, Notions, and Other Dry Goods Merchant Wholesalers","Piece Goods, Notions, and Other Dry Goods Merchant Wholesalers",NAICS
424310,"Piece Goods, Notions, and Other Dry Goods Merchant Wholesalers","Piece Goods, Notions, and Other Dry Goods Merchant Wholesalers",NAICS
42434,Footwear Merchant Wholesalers,Footwear Merchant Wholesalers,NAICS
424340,Footwear Merchant Wholesalers,Footwear Merchant Wholesalers,NAICS
42435,Clothing and Clothing Accessories Merchant Wholesalers,Clothing and Clothing Accessories Merchant Wholesalers,NAICS
424350,Clothing and Clothing Accessories Merchant Wholesalers,Clothing and Clothing Accessories Merchant Wholesalers,NAICS
4244,Grocery and Related Product Merchant Wholesalers,Grocery and Related Product Merchant Wholesalers,NAICS
42441,General Line Grocery Merchant Wholesalers,General Line Grocery Merchant Wholesalers,NAICS
424410,General Line Grocery Merchant Wholesalers,General Line Grocery Merchant Wholesalers,NAICS
42442,Packaged Frozen Food Merchant Wholesalers,Packaged Frozen Food Merchant Wholesalers,NAICS
424420,Packaged Frozen Food Merchant Wholesalers,Packaged Frozen Food Merchant Wholesalers,NAICS
42443,Dairy Product (except Dried or Canned) Merchant Wholesalers,Dairy Product (except Dried or Canned) Merchant Wholesalers,NAICS
424430,Dairy Product (except Dried or Canned) Merchant Wholesalers,Dairy Product (except Dried or Canned) Merchant Wholesalers,NAICS
42444,Poultry and Poultry Product Merchant Wholesalers,Poultry and Poultry Product Merchant Wholesalers,NAICS
424440,Poultry and Poultry Product Merchant Wholesalers,Poultry and Poultry Product Merchant Wholesalers,NAICS
42445,Confectionery Merchant Wholesalers,Confectionery Merchant Wholesalers,NAICS
424450,Confectionery Merchant Wholesalers,Confectionery Merchant Wholesalers,NAICS
42446,Fish and Seafood Merchant Wholesalers,Fish and Seafood Merchant Wholesalers,NAICS
424460,Fish and Seafood Merchant Wholesalers,Fish and Seafood Merchant Wholesalers,NAICS
42447,Meat and Meat Product Merchant Wholesalers,Meat and Meat Product Merchant Wholesalers,NAICS
424470,Meat and Meat Product Merchant Wholesalers,Meat and Meat Product Merchant Wholesalers,NAICS
42448,Fresh Fruit and Vegetable Merchant Wholesalers,Fresh Fruit and Vegetable Merchant Wholesalers,NAICS
424480,Fresh Fruit and Vegetable Merchant Wholesalers,Fresh Fruit and Vegetable Merchant Wholesalers,NAICS
42449,Other Grocery and Related Products Merchant Wholesalers,Other Grocery and Related Products Merchant Wholesalers,NAICS
424490,Other Grocery and Related Products Merchant Wholesalers,Other Grocery and Related Products Merchant Wholesalers,NAICS
4245,Farm Product Raw Material Merchant Wholesalers,Farm Product Raw Material Merchant Wholesalers,NAICS
42451,Grain and Field Bean Merchant Wholesalers,Grain and Field Bean Merchant Wholesalers,NAICS
424510,Grain and Field Bean Merchant Wholesalers,Grain and Field Bean Merchant Wholesalers,NAICS
42452,Livestock Merchant Wholesalers,Livestock Merchant Wholesalers,NAICS
424520,Livestock Merchant Wholesalers,Livestock Merchant Wholesalers,NAICS
42459,Other Farm Product Raw Material Merchant Wholesalers,Other Farm Product Raw Material Merchant Wholesalers,NAICS
424590,Other Farm Product Raw Material Merchant Wholesalers,Other Farm Product Raw Material Merchant Wholesalers,NAICS
4246,Chemical and Allied Products Merchant Wholesalers,Chemical and Allied Products Merchant Wholesalers,NAICS
42461,Plastics Materials and Basic Forms and Shapes Merchant Wholesalers,Plastics Materials and Basic Forms and Shapes Merchant Wholesalers,NAICS
424610,Plastics Materials and Basic Forms and Shapes Merchant Wholesalers,Plastics Materials and Basic Forms and Shapes Merchant Wholesalers,NAICS
42469,Other Chemical and Allied Products Merchant Wholesalers,Other Chemical and Allied Products Merchant Wholesalers,NAICS
424690,Other Chemical and Allied Products Merchant Wholesalers,Other Chemical and Allied Products Merchant Wholesalers,NAICS
4247,Petroleum and Petroleum Products Merchant Wholesalers,Petroleum and Petroleum Products Merchant Wholesalers,NAICS
42471,Petroleum Bulk Stations and Terminals,Petroleum Bulk Stations and Terminals,NAICS
424710,Petroleum Bulk Stations and Terminals,Petroleum Bulk Stations and Terminals,NAICS
42472,Petroleum and Petroleum Products Merchant Wholesalers (except Bulk Stations and Terminals),Petroleum and Petroleum Products Merchant Wholesalers (except Bulk Stations and Terminals),NAICS
424720,Petroleum and Petroleum Products Merchant Wholesalers (except Bulk Stations and Terminals),Petroleum and Petroleum Products Merchant Wholesalers (except Bulk Stations and Terminals),NAICS
4248,"Beer, Wine, and Distilled Alcoholic Beverage Merchant Wholesalers","Beer, Wine, and Distilled Alcoholic Beverage Merchant Wholesalers",NAICS
42481,Beer and Ale Merchant Wholesalers,Beer and Ale Merchant Wholesalers,NAICS
424810,Beer and Ale Merchant Wholesalers,Beer and Ale Merchant Wholesalers,NAICS
42482,Wine and Distilled Alcoholic Beverage Merchant Wholesalers,Wine and Distilled Alcoholic Beverage Merchant Wholesalers,NAICS
424820,Wine and Distilled Alcoholic Beverage Merchant Wholesalers,Wine and Distilled Alcoholic Beverage Merchant Wholesalers,NAICS
4249,Miscellaneous Nondurable Goods Merchant Wholesalers,Miscellaneous Nondurable Goods Merchant Wholesalers,NAICS
42491,Farm Supplies Merchant Wholesalers,Farm Supplies Merchant Wholesalers,NAICS
424910,Farm Supplies Merchant Wholesalers,Farm Supplies Merchant Wholesalers,NAICS
42492,"Book, Periodical, and Newspaper Merchant Wholesalers","Book, Periodical, and Newspaper Merchant Wholesalers",NAICS
424920,"Book, Periodical, and Newspaper Merchant Wholesalers","Book, Periodical, and Newspaper Merchant Wholesalers",NAICS
42493,"Flower, Nursery Stock, and Florists' Supplies Merchant Wholesalers","Flower, Nursery Stock, and Florists' Supplies Merchant Wholesalers",NAICS
424930,"Flower, Nursery Stock, and Florists' Supplies Merchant Wholesalers","Flower, Nursery Stock, and Florists' Supplies Merchant Wholesalers",NAICS
42494,Tobacco Product and Electronic Cigarette Merchant Wholesalers,Tobacco Product and Electronic Cigarette Merchant Wholesalers,NAICS
424940,Tobacco Product and Electronic Cigarette Merchant Wholesalers,Tobacco Product and Electronic Cigarette Merchant Wholesalers,NAICS
42495,"Paint, Varnish, and Supplies Merchant Wholesalers","Paint, Varnish, and Supplies Merchant Wholesalers",NAICS
424950,"Paint, Varnish, and Supplies Merchant Wholesalers","Paint, Varnish, and Supplies Merchant Wholesalers",NAICS
42499,Other Miscellaneous Nondurable Goods Merchant Wholesalers,Other Miscellaneous Nondurable Goods Merchant Wholesalers,NAICS
424990,Other Miscellaneous Nondurable Goods Merchant Wholesalers,Other Miscellaneous Nondurable Goods Merchant Wholesalers,NAICS
425,Wholesale Trade Agents and Brokers,Wholesale Trade Agents and Brokers,NAICS
4251,Wholesale Trade Agents and Brokers,Wholesale Trade Agents and Brokers,NAICS
42512,Wholesale Trade Agents and Brokers,Wholesale Trade Agents and Brokers,NAICS
425120,Wholesale Trade Agents and Brokers,Wholesale Trade Agents and Brokers,NAICS
441,Motor Vehicle and Parts Dealers,Motor Vehicle and Parts Dealers,NAICS
4411,Automobile Dealers,Automobile Dealers,NAICS
44111,New Car Dealers,New Car Dealers,NAICS
441110,New Car Dealers,New Car Dealers,NAICS
44112,Used Car Dealers,Used Car Dealers,NAICS
441120,Used Car Dealers,Used Car Dealers,NAICS
4412,Other Motor Vehicle Dealers,Other Motor Vehicle Dealers,NAICS
44121,Recreational Vehicle Dealers,Recreational Vehicle Dealers,NAICS
441210,Recreational Vehicle Dealers,Recreational Vehicle Dealers,NAICS
44122,"Motorcycle, Boat, and Other Motor Vehicle Dealers","Motorcycle, Boat, and Other Motor Vehicle Dealers",NAICS
441222,Boat Dealers,Boat Dealers,NAICS
441227,"Motorcycle, ATV, and All Other Motor Vehicle Dealers","Motorcycle, ATV, and All Other Motor Vehicle Dealers",NAICS
4413,"Automotive Parts, Accessories, and Tire Retailers","Automotive Parts, Accessories, and Tire Retailers",NAICS
44133,Automotive Parts and Accessories Retailers,Automotive Parts and Accessories Retailers,NAICS
441330,Automotive Parts and Accessories Retailers,Automotive Parts and Accessories Retailers,NAICS
44134,Tire Dealers,Tire Dealers,NAICS
441340,Tire Dealers,Tire Dealers,NAICS
444,Building Material and Garden Equipment and Supplies Dealers,Building Material and Garden Equipment and Supplies Dealers,NAICS
4441,Building Material and Supplies Dealers,Building Material and Supplies Dealers,NAICS
44411,Home Centers,Home Centers,NAICS
444110,Home Centers,Home Centers,NAICS
44412,Paint and Wallpaper Retailers,Paint and Wallpaper Retailers,NAICS
444120,Paint and Wallpaper Retailers,Paint and Wallpaper Retailers,NAICS
44414,Hardware Retailers,Hardware Retailers,NAICS
444140,Hardware Retailers,Hardware Retailers,NAICS
44418,Other Building Material Dealers,Other Building Material Dealers,NAICS
444180,Other Building Material Dealers,Other Building Material Dealers,NAICS
4442,Lawn and Garden Equipment and Supplies Retailers,Lawn and Garden Equipment and Supplies Retailers,NAICS
44423,Outdoor Power Equipment Retailers,Outdoor Power Equipment Retailers,NAICS
444230,Outdoor Power Equipment Retailers,Outdoor Power Equipment Retailers,NAICS
44424,"Nursery, Garden Center, and Farm Supply Retailers","Nursery, Garden Center, and Farm Supply Retailers",NAICS
444240,"Nursery, Garden Center, and Farm Supply Retailers","Nursery, Garden Center, and Farm Supply Retailers",NAICS
445,Food and Beverage Retailers,Food and Beverage Retailers,NAICS
4451,Grocery and Convenience Retailers,Grocery and Convenience Retailers,NAICS
44511,Supermarkets and Other Grocery Retailers (except Convenience Retailers),Supermarkets and Other Grocery Retailers (except Convenience Retailers),NAICS
445110,Supermarkets and Other Grocery Retailers (except Convenience Retailers),Supermarkets and Other Grocery Retailers (except Convenience Retailers),NAICS
44513,Convenience Retailers and Vending Machine Operators,Convenience Retailers and Vending Machine Operators,NAICS
445131,Convenience Retailers,Convenience Retailers,NAICS
445132,Vending Machine Operators,Vending Machine Operators,NAICS
4452,Specialty Food Retailers,Specialty Food Retailers,NAICS
44523,Fruit and Vegetable Retailers,Fruit and Vegetable Retailers,NAICS
445230,Fruit and Vegetable Retailers,Fruit and Vegetable Retailers,NAICS
44524,Meat Retailers,Meat Retailers,NAICS
445240,Meat Retailers,Meat Retailers,NAICS
44525,Fish and Seafood Retailers,Fish and Seafood Retailers,NAICS
445250,Fish and Seafood Retailers,Fish and Seafood Retailers,NAICS
44529,Other Specialty Food Retailers,Other Specialty Food Retailers,NAICS
445291,Baked Goods Retailers,Baked Goods Retailers,NAICS
445292,Confectionery and Nut Retailers,Confectionery and Nut Retailers,NAICS
445298,All Other Specialty Food Retailers,All Other Specialty Food Retailers,NAICS
4453,"Beer, Wine, and Liquor Retailers","Beer, Wine, and Liquor Retailers",NAICS
44532,"Beer, Wine, and Liquor Retailers","Beer, Wine, and Liquor Retailers",NAICS
445320,"Beer, Wine, and Liquor Retailers","Beer, Wine, and Liquor Retailers",NAICS
449,"Furniture, Home Furnishings, Electronics, and Appliance Retailers","Furniture, Home Furnishings, Electronics, and Appliance Retailers",NAICS
4491,Furniture and Home Furnishings Retailers,Furniture and Home Furnishings Retailers,NAICS
44911,Furniture Retailers,Furniture Retailers,NAICS
449110,Furniture Retailers,Furniture Retailers,NAICS
44912,Home Furnishings Retailers,Home Furnishings Retailers,NAICS
449121,Floor Covering Retailers,Floor Covering Retailers,NAICS
449122,Window Treatment Retailers,Window Treatment Retailers,NAICS
449129,All Other Home Furnishings Retailers,All Other Home Furnishings Retailers,NAICS
4492,Electronics and Appliance Retailers,Electronics and Appliance Retailers,NAICS
44921,Electronics and Appliance Retailers,Electronics and Appliance Retailers,NAICS
449210,Electronics and Appliance Retailers,Electronics and Appliance Retailers,NAICS
455,General Merchandise Retailers,General Merchandise Retailers,NAICS
4551,Department Stores,Department Stores,NAICS
45511,Department Stores,Department Stores,NAICS
455110,Department Stores,Department Stores,NAICS
4552,"Warehouse Clubs, Supercenters, and Other General Merchandise Retailers","Warehouse Clubs, Supercenters, and Other General Merchandise Retailers",NAICS
45521,"Warehouse Clubs, Supercenters, and Other General Merchandise Retailers","Warehouse Clubs, Supercenters, and Other General Merchandise Retailers",NAICS
455211,Warehouse Clubs and Supercenters,Warehouse Clubs and Supercenters,NAICS
455219,All Other General Merchandise Retailers,All Other General Merchandise Retailers,NAICS
456,Health and Personal Care Retailers,Health and Personal Care Retailers,NAICS
4561,Health and Personal Care Retailers,Health and Personal Care Retailers,NAICS
45611,Pharmacies and Drug Retailers,Pharmacies and Drug Retailers,NAICS
456110,Pharmacies and Drug Retailers,Pharmacies and Drug Retailers,NAICS
45612,"Cosmetics, Beauty Supplies, and Perfume Retailers","Cosmetics, Beauty Supplies, and Perfume Retailers",NAICS
456120,"Cosmetics, Beauty Supplies, and Perfume Retailers","Cosmetics, Beauty Supplies, and Perfume Retailers",NAICS
45613,Optical Goods Retailers,Optical Goods Retailers,NAICS
456130,Optical Goods Retailers,Optical Goods Retailers,NAICS
45619,Other Health and Personal Care Retailers,Other Health and Personal Care Retailers,NAICS
456191,Food (Health) Supplement Retailers,Food (Health) Supplement Retailers,NAICS
456199,All Other Health and Personal Care Retailers,All Other Health and Personal Care Retailers,NAICS
457,Gasoline Stations and Fuel Dealers,Gasoline Stations and Fuel Dealers,NAICS
4571,Gasoline Stations,Gasoline Stations,NAICS
45711,Gasoline Stations with Convenience Stores,Gasoline Stations with Convenience Stores,NAICS
457110,Gasoline Stations with Convenience Stores,Gasoline Stations with Convenience Stores,NAICS
45712,Other Gasoline Stations,Other Gasoline Stations,NAICS
457120,Other Gasoline Stations,Other Gasoline Stations,NAICS
4572,Fuel Dealers,Fuel Dealers,NAICS
45721,Fuel Dealers,Fuel Dealers,NAICS
457210,Fuel Dealers,Fuel Dealers,NAICS
458,"Clothing, Clothing Accessories, Shoe, and Jewelry Retailers","Clothing, Clothing Accessories, Shoe, and Jewelry Retailers",NAICS
4581,Clothing and Clothing Accessories Retailers,Clothing and Clothing Accessories Retailers,NAICS
45811,Clothing and Clothing Accessories Retailers,Clothing and Clothing Accessories Retailers,NAICS
458110,Clothing and Clothing Accessories Retailers,Clothing and Clothing Accessories Retailers,NAICS
4582,Shoe Retailers,Shoe Retailers,NAICS
45821,Shoe Retailers,Shoe Retailers,NAICS
458210,Shoe Retailers,Shoe Retailers,NAICS
4583,"Jewelry, Luggage, and Leather Goods Retailers","Jewelry, Luggage, and Leather Goods Retailers",NAICS
45831,Jewelry Retailers,Jewelry Retailers,NAICS
458310,Jewelry Retailers,Jewelry Retailers,NAICS
45832,Luggage and Leather Goods Retailers,Luggage and Leather Goods Retailers,NAICS
458320,Luggage and Leather Goods Retailers,Luggage and Leather Goods Retailers,NAICS
459,"Sporting Goods, Hobby, Musical Instrument, Book, and Miscellaneous Retailers","Sporting Goods, Hobby, Musical Instrument, Book, and Miscellaneous Retailers",NAICS
4591,"Sporting Goods, Hobby, and Musical Instrument Retailers","Sporting Goods, Hobby, and Musical Instrument Retailers",NAICS
45911,Sporting Goods Retailers,Sporting Goods Retailers,NAICS
459110,Sporting Goods Retailers,Sporting Goods Retailers,NAICS
45912,"Hobby, Toy, and Game Retailers","Hobby, Toy, and Game Retailers",NAICS
459120,"Hobby, Toy, and Game Retailers","Hobby, Toy, and Game Retailers",NAICS
45913,"Sewing, Needlework, and Piece Goods Retailers","Sewing, Needlework, and Piece Goods Retailers",NAICS
459130,"Sewing, Needlework, and Piece Goods Retailers","Sewing, Needlework, and Piece Goods Retailers",NAICS
45914,Musical Instrument and Supplies Retailers,Musical Instrument and Supplies Retailers,NAICS
459140,Musical Instrument and Supplies Retailers,Musical Instrument and Supplies Retailers,NAICS
4592,Book Retailers and News Dealers,Book Retailers and News Dealers,NAICS
45921,Book Retailers and News Dealers,Book Retailers and News Dealers,NAICS
459210,Book Retailers and News Dealers,Book Retailers and News Dealers,NAICS
4593,Florists,Florists,NAICS
45931,Florists,Florists,NAICS
459310,Florists,Florists,NAICS
4594,"Office Supplies, Stationery, and Gift Retailers","Office Supplies, Stationery, and Gift Retailers",NAICS
45941,Office Supplies and Stationery Retailers,Office Supplies and Stationery Retailers,NAICS
459410,Office Supplies and Stationery Retailers,Office Supplies and Stationery Retailers,NAICS
45942,"Gift, Novelty, and Souvenir Retailers","Gift, Novelty, and Souvenir Retailers",NAICS
459420,"Gift, Novelty, and Souvenir Retailers","Gift, Novelty, and Souvenir Retailers",NAICS
4595,Used Merchandise Retailers,Used Merchandise Retailers,NAICS
45951,Used Merchandise Retailers,Used Merchandise Retailers,NAICS
459510,Used Merchandise Retailers,Used Merchandise Retailers,NAICS
4599,Other Miscellaneous Retailers,Other Miscellaneous Retailers,NAICS
45991,Pet and Pet Supplies Retailers,Pet and Pet Supplies Retailers,NAICS
459910,Pet and Pet Supplies Retailers,Pet and Pet Supplies Retailers,NAICS
45992,Art Dealers,Art Dealers,NAICS
459920,Art Dealers,Art Dealers,NAICS
45993,Manufactured (Mobile) Home Dealers,Manufactured (Mobile) Home Dealers,NAICS
459930,Manufactured (Mobile) Home Dealers,Manufactured (Mobile) Home Dealers,NAICS
45999,All Other Miscellaneous Retailers,All Other Miscellaneous Retailers,NAICS
459991,"Tobacco, Electronic Cigarette, and Other Smoking Supplies Retailers","Tobacco, Electronic Cigarette, and Other Smoking Supplies Retailers",NAICS
459999,All Other Miscellaneous Retailers,All Other Miscellaneous Retailers,NAICS
481,Air TransportationT,Air TransportationT,NAICS
4811,Scheduled Air TransportationT,Scheduled Air TransportationT,NAICS
48111,Scheduled Air TransportationT,Scheduled Air TransportationT,NAICS
481111,Scheduled Passenger Air Transportation,Scheduled Passenger Air Transportation,NAICS
481112,Scheduled Freight Air Transportation,Scheduled Freight Air Transportation,NAICS
4812,Nonscheduled Air TransportationT,Nonscheduled Air TransportationT,NAICS
48121,Nonscheduled Air TransportationT,Nonscheduled Air TransportationT,NAICS
481211,Nonscheduled Chartered Passenger Air Transportation,Nonscheduled Chartered Passenger Air Transportation,NAICS
481212,Nonscheduled Chartered Freight Air Transportation,Nonscheduled Chartered Freight Air Transportation,NAICS
481219,Other Nonscheduled Air Transportation,Other Nonscheduled Air Transportation,NAICS
482,Rail TransportationT,Rail TransportationT,NAICS
4821,Rail TransportationT,Rail TransportationT,NAICS
48211,Rail TransportationT,Rail TransportationT,NAICS
482111,Line-Haul Railroads,Line-Haul Railroads,NAICS
482112,Short Line Railroads,Short Line Railroads,NAICS
483,Water TransportationT,Water TransportationT,NAICS
4831,"Deep Sea, Coastal, and Great Lakes Water TransportationT","Deep Sea, Coastal, and Great Lakes Water TransportationT",NAICS
48311,"Deep Sea, Coastal, and Great Lakes Water TransportationT","Deep Sea, Coastal, and Great Lakes Water TransportationT",NAICS
483111,Deep Sea Freight Transportation,Deep Sea Freight Transportation,NAICS
483112,Deep Sea Passenger Transportation,Deep Sea Passenger Transportation,NAICS
483113,Coastal and Great Lakes Freight Transportation,Coastal and Great Lakes Freight Transportation,NAICS
483114,Coastal and Great Lakes Passenger Transportation,Coastal and Great Lakes Passenger Transportation,NAICS
4832,Inland Water TransportationT,Inland Water TransportationT,NAICS
48321,Inland Water TransportationT,Inland Water TransportationT,NAICS
483211,Inland Water Freight Transportation,Inland Water Freight Transportation,NAICS
483212,Inland Water Passenger Transportation,Inland Water Passenger Transportation,NAICS
484,Truck TransportationT,Truck TransportationT,NAICS
4841,General Freight TruckingT,General Freight TruckingT,NAICS
48411,"General Freight Trucking, LocalT","General Freight Trucking, LocalT",NAICS
484110,"General Freight Trucking, Local","General Freight Trucking, Local",NAICS
48412,"General Freight Trucking, Long-DistanceT","General Freight Trucking, Long-DistanceT",NAICS
484121,"General Freight Trucking, Long-Distance, Truckload","General Freight Trucking, Long-Distance, Truckload",NAICS
484122,"General Freight Trucking, Long-Distance, Less Than Truckload","General Freight Trucking, Long-Distance, Less Than Truckload",NAICS
4842,Specialized Freight TruckingT,Specialized Freight TruckingT,NAICS
48421,Used Household and Office Goods MovingT,Used Household and Office Goods MovingT,NAICS
484210,Used Household and Office Goods Moving,Used Household and Office Goods Moving,NAICS
48422,"Specialized Freight (except Used Goods) Trucking, LocalT","Specialized Freight (except Used Goods) Trucking, LocalT",NAICS
484220,"Specialized Freight (except Used Goods) Trucking, Local","Specialized Freight (except Used Goods) Trucking, Local",NAICS
48423,"Specialized Freight (except Used Goods) Trucking, Long-DistanceT","Specialized Freight (except Used Goods) Trucking, Long-DistanceT",NAICS
484230,"Specialized Freight (except Used Goods) Trucking, Long-Distance","Specialized Freight (except Used Goods) Trucking, Long-Distance",NAICS
485,Transit and Ground Passenger TransportationT,Transit and Ground Passenger TransportationT,NAICS
4851,Urban Transit SystemsT,Urban Transit SystemsT,NAICS
48511,Urban Transit SystemsT,Urban Transit SystemsT,NAICS
485111,Mixed Mode Transit Systems,Mixed Mode Transit Systems,NAICS
485112,Commuter Rail Systems,Commuter Rail Systems,NAICS
485113,Bus and Other Motor Vehicle Transit Systems,Bus and Other Motor Vehicle Transit Systems,NAICS
485119,Other Urban Transit Systems,Other Urban Transit Systems,NAICS
4852,Interurban and Rural Bus TransportationT,Interurban and Rural Bus TransportationT,NAICS
48521,Interurban and Rural Bus TransportationT,Interurban and Rural Bus TransportationT,NAICS
485210,Interurban and Rural Bus Transportation,Interurban and Rural Bus Transportation,NAICS
4853,Taxi and Limousine ServiceT,Taxi and Limousine ServiceT,NAICS
48531,Taxi and Ridesharing ServicesT,Taxi and Ridesharing ServicesT,NAICS
485310,Taxi and Ridesharing Services,Taxi and Ridesharing Services,NAICS
48532,Limousine ServiceT,Limousine ServiceT,NAICS
485320,Limousine Service,Limousine Service,NAICS
4854,School and Employee Bus TransportationT,School and Employee Bus TransportationT,NAICS
48541,School and Employee Bus TransportationT,School and Employee Bus TransportationT,NAICS
485410,School and Employee Bus Transportation,School and Employee Bus Transportation,NAICS
4855,Charter Bus IndustryT,Charter Bus IndustryT,NAICS
48551,Charter Bus IndustryT,Charter Bus IndustryT,NAICS
485510,Charter Bus Industry,Charter Bus Industry,NAICS
4859,Other Transit and Ground Passenger TransportationT,Other Transit and Ground Passenger TransportationT,NAICS
48599,Other Transit and Ground Passenger TransportationT,Other Transit and Ground Passenger TransportationT,NAICS
485991,Special Needs Transportation,Special Needs Transportation,NAICS
485999,All Other Transit and Ground Passenger Transportation,All Other Transit and Ground Passenger Transportation,NAICS
486,Pipeline TransportationT,Pipeline TransportationT,NAICS
4861,Pipeline Transportation of Crude OilT,Pipeline Transportation of Crude OilT,NAICS
48611,Pipeline Transportation of Crude OilT,Pipeline Transportation of Crude OilT,NAICS
486110,Pipeline Transportation of Crude Oil,Pipeline Transportation of Crude Oil,NAICS
4862,Pipeline Transportation of Natural GasT,Pipeline Transportation of Natural GasT,NAICS
48621,Pipeline Transportation of Natural GasT,Pipeline Transportation of Natural GasT,NAICS
486210,Pipeline Transportation of Natural Gas,Pipeline Transportation of Natural Gas,NAICS
4869,Other Pipeline TransportationT,Other Pipeline TransportationT,NAICS
48691,Pipeline Transportation of Refined Petroleum ProductsT,Pipeline Transportation of Refined Petroleum ProductsT,NAICS
486910,Pipeline Transportation of Refined Petroleum Products,Pipeline Transportation of Refined Petroleum Products,NAICS
48699,All Other Pipeline TransportationT,All Other Pipeline TransportationT,NAICS
486990,All Other Pipeline Transportation,All Other Pipeline Transportation,NAICS
487,Scenic and Sightseeing TransportationT,Scenic and Sightseeing TransportationT,NAICS
4871,"Scenic and Sightseeing Transportation, LandT","Scenic and Sightseeing Transportation, LandT",NAICS
48711,"Scenic and Sightseeing Transportation, LandT","Scenic and Sightseeing Transportation, LandT",NAICS
487110,"Scenic and Sightseeing Transportation, Land","Scenic and Sightseeing Transportation, Land",NAICS
4872,"Scenic and Sightseeing Transportation, WaterT","Scenic and Sightseeing Transportation, WaterT",NAICS
48721,"Scenic and Sightseeing Transportation, WaterT","Scenic and Sightseeing Transportation, WaterT",NAICS
487210,"Scenic and Sightseeing Transportation, Water","Scenic and Sightseeing Transportation, Water",NAICS
4879,"Scenic and Sightseeing Transportation, OtherT","Scenic and Sightseeing Transportation, OtherT",NAICS
48799,"Scenic and Sightseeing Transportation, OtherT","Scenic and Sightseeing Transportation, OtherT",NAICS
487990,"Scenic and Sightseeing Transportation, Other","Scenic and Sightseeing Transportation, Other",NAICS
488,Support Activities for TransportationT,Support Activities for TransportationT,NAICS
4881,Support Activities for Air TransportationT,Support Activities for Air TransportationT,NAICS
48811,Airport OperationsT,Airport OperationsT,NAICS
488111,Air Traffic Control,Air Traffic Control,NAICS
488119,Other Airport Operations,Other Airport Operations,NAICS
48819,Other Support Activities for Air TransportationT,Other Support Activities for Air TransportationT,NAICS
488190,Other Support Activities for Air Transportation,Other Support Activities for Air Transportation,NAICS
4882,Support Activities for Rail TransportationT,Support Activities for Rail TransportationT,NAICS
48821,Support Activities for Rail TransportationT,Support Activities for Rail TransportationT,NAICS
488210,Support Activities for Rail Transportation,Support Activities for Rail Transportation,NAICS
4883,Support Activities for Water TransportationT,Support Activities for Water TransportationT,NAICS
48831,Port and Harbor OperationsT,Port and Harbor OperationsT,NAICS
488310,Port and Harbor Operations,Port and Harbor Operations,NAICS
48832,Marine Cargo HandlingT,Marine Cargo HandlingT,NAICS
488320,Marine Cargo Handling,Marine Cargo Handling,NAICS
48833,Navigational Services to ShippingT,Navigational Services to ShippingT,NAICS
488330,Navigational Services to Shipping,Navigational Services to Shipping,NAICS
48839,Other Support Activities for Water TransportationT,Other Support Activities for Water TransportationT,NAICS
488390,Other Support Activities for Water Transportation,Other Support Activities for Water Transportation,NAICS
4884,Support Activities for Road TransportationT,Support Activities for Road TransportationT,NAICS
48841,Motor Vehicle TowingT,Motor Vehicle TowingT,NAICS
488410,Motor Vehicle Towing,Motor Vehicle Towing,NAICS
48849,Other Support Activities for Road TransportationT,Other Support Activities for Road TransportationT,NAICS
488490,Other Support Activities for Road Transportation,Other Support Activities for Road Transportation,NAICS
4885,Freight Transportation ArrangementT,Freight Transportation ArrangementT,NAICS
48851,Freight Transportation ArrangementT,Freight Transportation ArrangementT,NAICS
488510,Freight Transportation Arrangement,Freight Transportation Arrangement,NAICS
4889,Other Support Activities for TransportationT,Other Support Activities for TransportationT,NAICS
48899,Other Support Activities for TransportationT,Other Support Activities for TransportationT,NAICS
488991,Packing and Crating,Packing and Crating,NAICS
488999,All Other Support Activities for Transportation,All Other Support Activities for Transportation,NAICS
491,Postal ServiceT,Postal ServiceT,NAICS
4911,Postal ServiceT,Postal ServiceT,NAICS
49111,Postal ServiceT,Postal ServiceT,NAICS
491110,Postal Service,Postal Service,NAICS
492,Couriers and MessengersT,Couriers and MessengersT,NAICS
4921,Couriers and Express Delivery ServicesT,Couriers and Express Delivery ServicesT,NAICS
49211,Couriers and Express Delivery ServicesT,Couriers and Express Delivery ServicesT,NAICS
492110,Couriers and Express Delivery Services,Couriers and Express Delivery Services,NAICS
4922,Local Messengers and Local DeliveryT,Local Messengers and Local DeliveryT,NAICS
49221,Local Messengers and Local DeliveryT,Local Messengers and Local DeliveryT,NAICS
492210,Local Messengers and Local Delivery,Local Messengers and Local Delivery,NAICS
493,Warehousing and StorageT,Warehousing and StorageT,NAICS
4931,Warehousing and StorageT,Warehousing and StorageT,NAICS
49311,General Warehousing and StorageT,General Warehousing and StorageT,NAICS
493110,General Warehousing and Storage,General Warehousing and Storage,NAICS
49312,Refrigerated Warehousing and StorageT,Refrigerated Warehousing and StorageT,NAICS
493120,Refrigerated Warehousing and Storage,Refrigerated Warehousing and Storage,NAICS
49313,Farm Product Warehousing and Storage,Farm Product Warehousing and Storage,NAICS
493130,Farm Product Warehousing and Storage,Farm Product Warehousing and Storage,NAICS
49319,Other Warehousing and StorageT,Other Warehousing and StorageT,NAICS
493190,Other Warehousing and Storage,Other Warehousing and Storage,NAICS
51,Information,Information,NAICS
512,Motion Picture and Sound Recording IndustriesT,Motion Picture and Sound Recording IndustriesT,NAICS
5121,Motion Picture and Video IndustriesT,Motion Picture and Video IndustriesT,NAICS
51211,Motion Picture and Video ProductionT,Motion Picture and Video ProductionT,NAICS
512110,Motion Picture and Video Production,Motion Picture and Video Production,NAICS
51212,Motion Picture and Video DistributionT,Motion Picture and Video DistributionT,NAICS
512120,Motion Picture and Video Distribution,Motion Picture and Video Distribution,NAICS
51213,Motion Picture and Video ExhibitionT,Motion Picture and Video ExhibitionT,NAICS
512131,Motion Picture Theaters (except Drive-Ins),Motion Picture Theaters (except Drive-Ins),NAICS
512132,Drive-In Motion Picture Theaters,Drive-In Motion Picture Theaters,NAICS
51219,Postproduction Services and Other Motion Picture and Video IndustriesT,Postproduction Services and Other Motion Picture and Video IndustriesT,NAICS
512191,Teleproduction and Other Postproduction Services,Teleproduction and Other Postproduction Services,NAICS
512199,Other Motion Picture and Video Industries,Other Motion Picture and Video Industries,NAICS
5122,Sound Recording IndustriesT,Sound Recording IndustriesT,NAICS
51223,Music PublishersT,Music PublishersT,NAICS
512230,Music Publishers,Music Publishers,NAICS
51224,Sound Recording StudiosT,Sound Recording StudiosT,NAICS
512240,Sound Recording Studios,Sound Recording Studios,NAICS
51225,Record Production and Distribution,Record Production and Distribution,NAICS
512250,Record Production and Distribution,Record Production and Distribution,NAICS
51229,Other Sound Recording IndustriesT,Other Sound Recording IndustriesT,NAICS
512290,Other Sound Recording Industries,Other Sound Recording Industries,NAICS
513,Publishing IndustriesT,Publishing IndustriesT,NAICS
5131,"Newspaper, Periodical, Book, and Directory PublishersT","Newspaper, Periodical, Book, and Directory PublishersT",NAICS
51311,Newspaper PublishersT,Newspaper PublishersT,NAICS
513110,Newspaper Publishers,Newspaper Publishers,NAICS
51312,Periodical PublishersT,Periodical PublishersT,NAICS
513120,Periodical Publishers,Periodical Publishers,NAICS
51313,Book PublishersT,Book PublishersT,NAICS
513130,Book Publishers,Book Publishers,NAICS
51314,Directory and Mailing List PublishersT,Directory and Mailing List PublishersT,NAICS
513140,Directory and Mailing List Publishers,Directory and Mailing List Publishers,NAICS
51319,Other PublishersT,Other PublishersT,NAICS
513191,Greeting Card Publishers,Greeting Card Publishers,NAICS
513199,All Other Publishers,All Other Publishers,NAICS
5132,Software PublishersT,Software PublishersT,NAICS
51321,Software PublishersT,Software PublishersT,NAICS
513210,Software Publishers,Software Publishers,NAICS
516,Broadcasting and Content ProvidersT,Broadcasting and Content ProvidersT,NAICS
5161,Radio and Television Broadcasting StationsT,Radio and Television Broadcasting StationsT,NAICS
51611,Radio Broadcasting StationsT,Radio Broadcasting StationsT,NAICS
516110,Radio Broadcasting Stations,Radio Broadcasting Stations,NAICS
51612,Television Broadcasting StationsT,Television Broadcasting StationsT,NAICS
516120,Television Broadcasting Stations,Television Broadcasting Stations,NAICS
5162,"Media Streaming Distribution Services, Social Networks, and Other Media Networks and Content ProvidersT","Media Streaming Distribution Services, Social Networks, and Other Media Networks and Content ProvidersT",NAICS
51621,"Media Streaming Distribution Services, Social Networks, and Other Media Networks and Content ProvidersT","Media Streaming Distribution Services, Social Networks, and Other Media Networks and Content ProvidersT",NAICS
516210,"Media Streaming Distribution Services, Social Networks, and Other Media Networks and Content Providers","Media Streaming Distribution Services, Social Networks, and Other Media Networks and Content Providers",NAICS
517,TelecommunicationsT,TelecommunicationsT,NAICS
5171,Wired and Wireless Telecommunications (except Satellite),Wired and Wireless Telecommunications (except Satellite),NAICS
51711,Wired and Wireless Telecommunications Carriers (except Satellite),Wired and Wireless Telecommunications Carriers (except Satellite),NAICS
517111,Wired Telecommunications Carriers,Wired Telecommunications Carriers,NAICS
517112,Wireless Telecommunications Carriers (except Satellite),Wireless Telecommunications Carriers (except Satellite),NAICS
51712,Telecommunications Resellers and Agents for Wireless Telecommunication Services,Telecommunications Resellers and Agents for Wireless Telecommunication Services,NAICS
517121,Telecommunications Resellers,Telecommunications Resellers,NAICS
517122,Agents for Wireless Telecommunications Services,Agents for Wireless Telecommunications Services,NAICS
5174,Satellite TelecommunicationsT,Satellite TelecommunicationsT,NAICS
51741,Satellite TelecommunicationsT,Satellite TelecommunicationsT,NAICS
517410,Satellite Telecommunications,Satellite Telecommunications,NAICS
5178,All Other Telecommunications,All Other Telecommunications,NAICS
51781,All Other Telecommunications,All Other Telecommunications,NAICS
517810,All Other Telecommunications,All Other Telecommunications,NAICS
518,"Computing Infrastructure Providers, Data Processing, Web Hosting, and Related ServicesT","Computing Infrastructure Providers, Data Processing, Web Hosting, and Related ServicesT",NAICS
5182,"Computing Infrastructure Providers, Data Processing, Web Hosting, and Related ServicesT","Computing Infrastructure Providers, Data Processing, Web Hosting, and Related ServicesT",NAICS
51821,"Computing Infrastructure Providers, Data Processing, Web Hosting, and Related ServicesT","Computing Infrastructure Providers, Data Processing, Web Hosting, and Related ServicesT",NAICS
518210,"Computing Infrastructure Providers, Data Processing, Web Hosting, and Related Services","Computing Infrastructure Providers, Data Processing, Web Hosting, and Related Services",NAICS
519,"Web Search Portals, Libraries, Archives, and Other Information ServicesT","Web Search Portals, Libraries, Archives, and Other Information ServicesT",NAICS
5192,"Web Search Portals, Libraries, Archives, and Other Information ServicesT","Web Search Portals, Libraries, Archives, and Other Information ServicesT",NAICS
51921,Libraries and ArchivesT,Libraries and ArchivesT,NAICS
519210,Libraries and Archives,Libraries and Archives,NAICS
51929,Web Search Portals and All Other Information ServicesT,Web Search Portals and All Other Information ServicesT,NAICS
519290,Web Search Portals and All Other Information Services,Web Search Portals and All Other Information Services,NAICS
52,Finance and Insurance,Finance and Insurance,NAICS
521,Monetary Authorities-Central BankT,Monetary Authorities-Central BankT,NAICS
5211,Monetary Authorities-Central BankT,Monetary Authorities-Central BankT,NAICS
52111,Monetary Authorities-Central BankT,Monetary Authorities-Central BankT,NAICS
521110,Monetary Authorities-Central Bank,Monetary Authorities-Central Bank,NAICS
522,Credit Intermediation and Related ActivitiesT,Credit Intermediation and Related ActivitiesT,NAICS
5221,Depository Credit Intermediation,Depository Credit Intermediation,NAICS
52211,Commercial Banking,Commercial Banking,NAICS
522110,Commercial Banking,Commercial Banking,NAICS
52213,Credit Unions,Credit Unions,NAICS
522130,Credit Unions,Credit Unions,NAICS
52218,Savings Institutions and Other Depository Credit Intermediation,Savings Institutions and Other Depository Credit Intermediation,NAICS
522180,Savings Institutions and Other Depository Credit Intermediation,Savings Institutions and Other Depository Credit Intermediation,NAICS
5222,Nondepository Credit Intermediation,Nondepository Credit Intermediation,NAICS
52221,Credit Card Issuing,Credit Card Issuing,NAICS
522210,Credit Card Issuing,Credit Card Issuing,NAICS
52222,Sales Financing,Sales Financing,NAICS
522220,Sales Financing,Sales Financing,NAICS
52229,Other Nondepository Credit Intermediation,Other Nondepository Credit Intermediation,NAICS
522291,Consumer Lending,Consumer Lending,NAICS
522292,Real Estate Credit,Real Estate Credit,NAICS
522299,"International, Secondary Market, and All Other Nondepository Credit Intermediation","International, Secondary Market, and All Other Nondepository Credit Intermediation",NAICS
5223,Activities Related to Credit Intermediation,Activities Related to Credit Intermediation,NAICS
52231,Mortgage and Nonmortgage Loan Brokers,Mortgage and Nonmortgage Loan Brokers,NAICS
522310,Mortgage and Nonmortgage Loan Brokers,Mortgage and Nonmortgage Loan Brokers,NAICS
52232,"Financial Transactions Processing, Reserve, and Clearinghouse Activities","Financial Transactions Processing, Reserve, and Clearinghouse Activities",NAICS
522320,"Financial Transactions Processing, Reserve, and Clearinghouse Activities","Financial Transactions Processing, Reserve, and Clearinghouse Activities",NAICS
52239,Other Activities Related to Credit Intermediation,Other Activities Related to Credit Intermediation,NAICS
522390,Other Activities Related to Credit Intermediation,Other Activities Related to Credit Intermediation,NAICS
523,"Securities, Commodity Contracts, and Other Financial Investments and Related ActivitiesT","Securities, Commodity Contracts, and Other Financial Investments and Related ActivitiesT",NAICS
5231,Securities and Commodity Contracts Intermediation and BrokerageT,Securities and Commodity Contracts Intermediation and BrokerageT,NAICS
52315,Investment Banking and Securities Intermediation,Investment Banking and Securities Intermediation,NAICS
523150,Investment Banking and Securities Intermediation,Investment Banking and Securities Intermediation,NAICS
52316,Commodity Contracts Intermediation,Commodity Contracts Intermediation,NAICS
523160,Commodity Contracts Intermediation,Commodity Contracts Intermediation,NAICS
5232,Securities and Commodity ExchangesT,Securities and Commodity ExchangesT,NAICS
52321,Securities and Commodity ExchangesT,Securities and Commodity ExchangesT,NAICS
523210,Securities and Commodity Exchanges,Securities and Commodity Exchanges,NAICS
5239,Other Financial Investment ActivitiesT,Other Financial Investment ActivitiesT,NAICS
52391,Miscellaneous Intermediation,Miscellaneous Intermediation,NAICS
523910,Miscellaneous Intermediation,Miscellaneous Intermediation,NAICS
52394,Portfolio Management and Investment Advice,Portfolio Management and Investment Advice,NAICS
523940,Portfolio Management and Investment Advice,Portfolio Management and Investment Advice,NAICS
52399,All Other Financial Investment Activities,All Other Financial Investment Activities,NAICS
523991,"Trust, Fiduciary, and Custody Activities","Trust, Fiduciary, and Custody Activities",NAICS
523999,Miscellaneous Financial Investment Activities,Miscellaneous Financial Investment Activities,NAICS
524,Insurance Carriers and Related ActivitiesT,Insurance Carriers and Related ActivitiesT,NAICS
5241,Insurance CarriersT,Insurance CarriersT,NAICS
52411,"Direct Life, Health, and Medical Insurance Carriers","Direct Life, Health, and Medical Insurance Carriers",NAICS
524113,Direct Life Insurance Carriers,Direct Life Insurance Carriers,NAICS
524114,Direct Health and Medical Insurance Carriers,Direct Health and Medical Insurance Carriers,NAICS
52412,"Direct Insurance (except Life, Health, and Medical) Carriers","Direct Insurance (except Life, Health, and Medical) Carriers",NAICS
524126,Direct Property and Casualty Insurance Carriers,Direct Property and Casualty Insurance Carriers,NAICS
524127,Direct Title Insurance Carriers,Direct Title Insurance Carriers,NAICS
524128,"Other Direct Insurance (except Life, Health, and Medical) Carriers","Other Direct Insurance (except Life, Health, and Medical) Carriers",NAICS
52413,Reinsurance Carriers,Reinsurance Carriers,NAICS
524130,Reinsurance Carriers,Reinsurance Carriers,NAICS
5242,"Agencies, Brokerages, and Other Insurance Related ActivitiesT","Agencies, Brokerages, and Other Insurance Related ActivitiesT",NAICS
52421,Insurance Agencies and Brokerages,Insurance Agencies and Brokerages,NAICS
524210,Insurance Agencies and Brokerages,Insurance Agencies and Brokerages,NAICS
52429,Other Insurance Related Activities,Other Insurance Related Activities,NAICS
524291,Claims Adjusting,Claims Adjusting,NAICS
524292,Pharmacy Benefit Management and Other Third Party Administration of Insurance and Pension Funds,Pharmacy Benefit Management and Other Third Party Administration of Insurance and Pension Funds,NAICS
524298,All Other Insurance Related Activities,All Other Insurance Related Activities,NAICS
525,"Funds, Trusts, and Other Financial Vehicles","Funds, Trusts, and Other Financial Vehicles",NAICS
5251,Insurance and Employee Benefit Funds,Insurance and Employee Benefit Funds,NAICS
52511,Pension Funds,Pension Funds,NAICS
525110,Pension Funds,Pension Funds,NAICS
52512,Health and Welfare Funds,Health and Welfare Funds,NAICS
525120,Health and Welfare Funds,Health and Welfare Funds,NAICS
52519,Other Insurance Funds,Other Insurance Funds,NAICS
525190,Other Insurance Funds,Other Insurance Funds,NAICS
5259,Other Investment Pools and Funds,Other Investment Pools and Funds,NAICS
52591,Open-End Investment Funds,Open-End Investment Funds,NAICS
525910,Open-End Investment Funds,Open-End Investment Funds,NAICS
52592,"Trusts, Estates, and Agency Accounts","Trusts, Estates, and Agency Accounts",NAICS
525920,"Trusts, Estates, and Agency Accounts","Trusts, Estates, and Agency Accounts",NAICS
52599,Other Financial Vehicles,Other Financial Vehicles,NAICS
525990,Other Financial Vehicles,Other Financial Vehicles,NAICS
53,Real Estate and Rental and Leasing,Real Estate and Rental and Leasing,NAICS
531,Real EstateT,Real EstateT,NAICS
5311,Lessors of Real EstateT,Lessors of Real EstateT,NAICS
53111,Lessors of Residential Buildings and Dwellings,Lessors of Residential Buildings and Dwellings,NAICS
531110,Lessors of Residential Buildings and Dwellings,Lessors of Residential Buildings and Dwellings,NAICS
53112,Lessors of Nonresidential Buildings (except Miniwarehouses),Lessors of Nonresidential Buildings (except Miniwarehouses),NAICS
531120,Lessors of Nonresidential Buildings (except Miniwarehouses),Lessors of Nonresidential Buildings (except Miniwarehouses),NAICS
53113,Lessors of Miniwarehouses and Self-Storage Units,Lessors of Miniwarehouses and Self-Storage Units,NAICS
531130,Lessors of Miniwarehouses and Self-Storage Units,Lessors of Miniwarehouses and Self-Storage Units,NAICS
53119,Lessors of Other Real Estate Property,Lessors of Other Real Estate Property,NAICS
531190,Lessors of Other Real Estate Property,Lessors of Other Real Estate Property,NAICS
5312,Offices of Real Estate Agents and BrokersT,Offices of Real Estate Agents and BrokersT,NAICS
53121,Offices of Real Estate Agents and BrokersT,Offices of Real Estate Agents and BrokersT,NAICS
531210,Offices of Real Estate Agents and Brokers,Offices of Real Estate Agents and Brokers,NAICS
5313,Activities Related to Real EstateT,Activities Related to Real EstateT,NAICS
53131,Real Estate Property Managers,Real Estate Property Managers,NAICS
531311,Residential Property Managers,Residential Property Managers,NAICS
531312,Nonresidential Property Managers,Nonresidential Property Managers,NAICS
53132,Offices of Real Estate Appraisers,Offices of Real Estate Appraisers,NAICS
531320,Offices of Real Estate Appraisers,Offices of Real Estate Appraisers,NAICS
53139,Other Activities Related to Real Estate,Other Activities Related to Real Estate,NAICS
531390,Other Activities Related to Real Estate,Other Activities Related to Real Estate,NAICS
532,Rental and Leasing ServicesT,Rental and Leasing ServicesT,NAICS
5321,Automotive Equipment Rental and LeasingT,Automotive Equipment Rental and LeasingT,NAICS
53211,Passenger Car Rental and LeasingT,Passenger Car Rental and LeasingT,NAICS
532111,Passenger Car Rental,Passenger Car Rental,NAICS
532112,Passenger Car Leasing,Passenger Car Leasing,NAICS
53212,"Truck, Utility Trailer, and RV (Recreational Vehicle) Rental and LeasingT","Truck, Utility Trailer, and RV (Recreational Vehicle) Rental and LeasingT",NAICS
532120,"Truck, Utility Trailer, and RV (Recreational Vehicle) Rental and Leasing","Truck, Utility Trailer, and RV (Recreational Vehicle) Rental and Leasing",NAICS
5322,Consumer Goods RentalT,Consumer Goods RentalT,NAICS
53221,Consumer Electronics and Appliances RentalT,Consumer Electronics and Appliances RentalT,NAICS
532210,Consumer Electronics and Appliances Rental,Consumer Electronics and Appliances Rental,NAICS
53228,Other Consumer Goods RentalT,Other Consumer Goods RentalT,NAICS
532281,Formal Wear and Costume Rental,Formal Wear and Costume Rental,NAICS
532282,Video Tape and Disc Rental,Video Tape and Disc Rental,NAICS
532283,Home Health Equipment Rental,Home Health Equipment Rental,NAICS
532284,Recreational Goods Rental,Recreational Goods Rental,NAICS
532289,All Other Consumer Goods Rental,All Other Consumer Goods Rental,NAICS
5323,General Rental CentersT,General Rental CentersT,NAICS
53231,General Rental CentersT,General Rental CentersT,NAICS
532310,General Rental Centers,General Rental Centers,NAICS
5324,Commercial and Industrial Machinery and Equipment Rental and LeasingT,Commercial and Industrial Machinery and Equipment Rental and LeasingT,NAICS
53241,"Construction, Transportation, Mining, and Forestry Machinery and Equipment Rental and LeasingT","Construction, Transportation, Mining, and Forestry Machinery and Equipment Rental and LeasingT",NAICS
532411,"Commercial Air, Rail, and Water Transportation Equipment Rental and Leasing","Commercial Air, Rail, and Water Transportation Equipment Rental and Leasing",NAICS
532412,"Construction, Mining, and Forestry Machinery and Equipment Rental and Leasing","Construction, Mining, and Forestry Machinery and Equipment Rental and Leasing",NAICS
53242,Office Machinery and Equipment Rental and LeasingT,Office Machinery and Equipment Rental and LeasingT,NAICS
532420,Office Machinery and Equipment Rental and Leasing,Office Machinery and Equipment Rental and Leasing,NAICS
53249,Other Commercial and Industrial Machinery and Equipment Rental and LeasingT,Other Commercial and Industrial Machinery and Equipment Rental and LeasingT,NAICS
532490,Other Commercial and Industrial Machinery and Equipment Rental and Leasing,Other Commercial and Industrial Machinery and Equipment Rental and Leasing,NAICS
533,Lessors of Nonfinancial Intangible Assets (except Copyrighted Works)T,Lessors of Nonfinancial Intangible Assets (except Copyrighted Works)T,NAICS
5331,Lessors of Nonfinancial Intangible Assets (except Copyrighted Works)T,Lessors of Nonfinancial Intangible Assets (except Copyrighted Works)T,NAICS
53311,Lessors of Nonfinancial Intangible Assets (except Copyrighted Works)T,Lessors of Nonfinancial Intangible Assets (except Copyrighted Works)T,NAICS
533110,Lessors of Nonfinancial Intangible Assets (except Copyrighted Works),Lessors of Nonfinancial Intangible Assets (except Copyrighted Works),NAICS
54,"Professional, Scientific, and Technical Services","Professional, Scientific, and Technical Services",NAICS
541,"Professional, Scientific, and Technical ServicesT","Professional, Scientific, and Technical ServicesT",NAICS
5411,Legal Services,Legal Services,NAICS
54111,Offices of LawyersT,Offices of LawyersT,NAICS
541110,Offices of Lawyers,Offices of Lawyers,NAICS
54112,Offices of NotariesT,Offices of NotariesT,NAICS
541120,Offices of Notaries,Offices of Notaries,NAICS
54119,Other Legal ServicesT,Other Legal ServicesT,NAICS
541191,Title Abstract and Settlement Offices,Title Abstract and Settlement Offices,NAICS
541199,All Other Legal Services,All Other Legal Services,NAICS
5412,"Accounting, Tax Preparation, Bookkeeping, and Payroll ServicesT","Accounting, Tax Preparation, Bookkeeping, and Payroll ServicesT",NAICS
54121,"Accounting, Tax Preparation, Bookkeeping, and Payroll ServicesT","Accounting, Tax Preparation, Bookkeeping, and Payroll ServicesT",NAICS
541211,Offices of Certified Public Accountants,Offices of Certified Public Accountants,NAICS
541213,Tax Preparation Services,Tax Preparation Services,NAICS
541214,Payroll Services,Payroll Services,NAICS
541219,Other Accounting Services,Other Accounting Services,NAICS
5413,"Architectural, Engineering, and Related ServicesT","Architectural, Engineering, and Related ServicesT",NAICS
54131,Architectural ServicesT,Architectural ServicesT,NAICS
541310,Architectural Services,Architectural Services,NAICS
54132,Landscape Architectural ServicesT,Landscape Architectural ServicesT,NAICS
541320,Landscape Architectural Services,Landscape Architectural Services,NAICS
54133,Engineering ServicesT,Engineering ServicesT,NAICS
541330,Engineering Services,Engineering Services,NAICS
54134,Drafting ServicesT,Drafting ServicesT,NAICS
541340,Drafting Services,Drafting Services,NAICS
54135,Building Inspection ServicesT,Building Inspection ServicesT,NAICS
541350,Building Inspection Services,Building Inspection Services,NAICS
54136,Geophysical Surveying and Mapping ServicesT,Geophysical Surveying and Mapping ServicesT,NAICS
541360,Geophysical Surveying and Mapping Services,Geophysical Surveying and Mapping Services,NAICS
54137,Surveying and Mapping (except Geophysical) ServicesT,Surveying and Mapping (except Geophysical) ServicesT,NAICS
541370,Surveying and Mapping (except Geophysical) Services,Surveying and Mapping (except Geophysical) Services,NAICS
54138,Testing Laboratories and ServicesT,Testing Laboratories and ServicesT,NAICS
541380,Testing Laboratories and Services,Testing Laboratories and Services,NAICS
5414,Specialized Design ServicesT,Specialized Design ServicesT,NAICS
54141,Interior Design ServicesT,Interior Design ServicesT,NAICS
541410,Interior Design Services,Interior Design Services,NAICS
54142,Industrial Design ServicesT,Industrial Design ServicesT,NAICS
541420,Industrial Design Services,Industrial Design Services,NAICS
54143,Graphic Design ServicesT,Graphic Design ServicesT,NAICS
541430,Graphic Design Services,Graphic Design Services,NAICS
54149,Other Specialized Design ServicesT,Other Specialized Design ServicesT,NAICS
541490,Other Specialized Design Services,Other Specialized Design Services,NAICS
5415,Computer Systems Design and Related ServicesT,Computer Systems Design and Related ServicesT,NAICS
54151,Computer Systems Design and Related ServicesT,Computer Systems Design and Related ServicesT,NAICS
541511,Custom Computer Programming Services,Custom Computer Programming Services,NAICS
541512,Computer Systems Design Services,Computer Systems Design Services,NAICS
541513,Computer Facilities Management Services,Computer Facilities Management Services,NAICS
541519,Other Computer Related Services,Other Computer Related Services,NAICS
5416,"Management, Scientific, and Technical Consulting ServicesT","Management, Scientific, and Technical Consulting ServicesT",NAICS
54161,Management Consulting ServicesT,Management Consulting ServicesT,NAICS
541611,Administrative Management and General Management Consulting Services,Administrative Management and General Management Consulting Services,NAICS
541612,Human Resources Consulting Services,Human Resources Consulting Services,NAICS
541613,Marketing Consulting Services,Marketing Consulting Services,NAICS
541614,"Process, Physical Distribution, and Logistics Consulting Services","Process, Physical Distribution, and Logistics Consulting Services",NAICS
541618,Other Management Consulting Services,Other Management Consulting Services,NAICS
54162,Environmental Consulting ServicesT,Environmental Consulting ServicesT,NAICS
541620,Environmental Consulting Services,Environmental Consulting Services,NAICS
54169,Other Scientific and Technical Consulting ServicesT,Other Scientific and Technical Consulting ServicesT,NAICS
541690,Other Scientific and Technical Consulting Services,Other Scientific and Technical Consulting Services,NAICS
5417,Scientific Research and Development ServicesT,Scientific Research and Development ServicesT,NAICS
54171,"Research and Development in the Physical, Engineering, and Life SciencesT","Research and Development in the Physical, Engineering, and Life SciencesT",NAICS
541713,Research and Development in Nanotechnology,Research and Development in Nanotechnology,NAICS
541714,Research and Development in Biotechnology (except Nanobiotechnology),Research and Development in Biotechnology (except Nanobiotechnology),NAICS
541715,"Research and Development in the Physical, Engineering, and Life Sciences (except Nanotechnology and Biotechnology)","Research and Development in the Physical, Engineering, and Life Sciences (except Nanotechnology and Biotechnology)",NAICS
54172,Research and Development in the Social Sciences and HumanitiesT,Research and Development in the Social Sciences and HumanitiesT,NAICS
541720,Research and Development in the Social Sciences and Humanities,Research and Development in the Social Sciences and Humanities,NAICS
5418,"Advertising, Public Relations, and Related ServicesT","Advertising, Public Relations, and Related ServicesT",NAICS
54181,Advertising AgenciesT,Advertising AgenciesT,NAICS
541810,Advertising Agencies,Advertising Agencies,NAICS
54182,Public Relations AgenciesT,Public Relations AgenciesT,NAICS
541820,Public Relations Agencies,Public Relations Agencies,NAICS
54183,Media Buying AgenciesT,Media Buying AgenciesT,NAICS
541830,Media Buying Agencies,Media Buying Agencies,NAICS
54184,Media RepresentativesT,Media RepresentativesT,NAICS
541840,Media Representatives,Media Representatives,NAICS
54185,Indoor and Outdoor Display AdvertisingT,Indoor and Outdoor Display AdvertisingT,NAICS
541850,Indoor and Outdoor Display Advertising,Indoor and Outdoor Display Advertising,NAICS
54186,Direct Mail AdvertisingT,Direct Mail AdvertisingT,NAICS
541860,Direct Mail Advertising,Direct Mail Advertising,NAICS
54187,Advertising Material Distribution ServicesT,Advertising Material Distribution ServicesT,NAICS
541870,Advertising Material Distribution Services,Advertising Material Distribution Services,NAICS
54189,Other Services Related to AdvertisingT,Other Services Related to AdvertisingT,NAICS
541890,Other Services Related to Advertising,Other Services Related to Advertising,NAICS
5419,"Other Professional, Scientific, and Technical ServicesT","Other Professional, Scientific, and Technical ServicesT",NAICS
54191,Marketing Research and Public Opinion PollingT,Marketing Research and Public Opinion PollingT,NAICS
541910,Marketing Research and Public Opinion Polling,Marketing Research and Public Opinion Polling,NAICS
54192,Photographic ServicesT,Photographic ServicesT,NAICS
541921,"Photography Studios, Portrait","Photography Studios, Portrait",NAICS
541922,Commercial Photography,Commercial Photography,NAICS
54193,Translation and Interpretation ServicesT,Translation and Interpretation ServicesT,NAICS
541930,Translation and Interpretation Services,Translation and Interpretation Services,NAICS
54194,Veterinary ServicesT,Veterinary ServicesT,NAICS
541940,Veterinary Services,Veterinary Services,NAICS
54199,"All Other Professional, Scientific, and Technical ServicesT","All Other Professional, Scientific, and Technical ServicesT",NAICS
541990,"All Other Professional, Scientific, and Technical Services","All Other Professional, Scientific, and Technical Services",NAICS
55,Management of Companies and EnterprisesT,Management of Companies and EnterprisesT,NAICS
551,Management of Companies and EnterprisesT,Management of Companies and EnterprisesT,NAICS
5511,Management of Companies and EnterprisesT,Management of Companies and EnterprisesT,NAICS
55111,Management of Companies and EnterprisesT,Management of Companies and EnterprisesT,NAICS
551111,Offices of Bank Holding Companies,Offices of Bank Holding Companies,NAICS
551112,Offices of Other Holding Companies,Offices of Other Holding Companies,NAICS
551114,"Corporate, Subsidiary, and Regional Managing Offices","Corporate, Subsidiary, and Regional Managing Offices",NAICS
56,Administrative and Support and Waste Management and Remediation Services,Administrative and Support and Waste Management and Remediation Services,NAICS
561,Administrative and Support ServicesT,Administrative and Support ServicesT,NAICS
5611,Office Administrative ServicesT,Office Administrative ServicesT,NAICS
56111,Office Administrative ServicesT,Office Administrative ServicesT,NAICS
561110,Office Administrative Services,Office Administrative Services,NAICS
5612,Facilities Support ServicesT,Facilities Support ServicesT,NAICS
56121,Facilities Support ServicesT,Facilities Support ServicesT,NAICS
561210,Facilities Support Services,Facilities Support Services,NAICS
5613,Employment ServicesT,Employment ServicesT,NAICS
56131,Employment Placement Agencies and Executive Search ServicesT,Employment Placement Agencies and Executive Search ServicesT,NAICS
561311,Employment Placement Agencies,Employment Placement Agencies,NAICS
561312,Executive Search Services,Executive Search Services,NAICS
56132,Temporary Help ServicesT,Temporary Help ServicesT,NAICS
561320,Temporary Help Services,Temporary Help Services,NAICS
56133,Professional Employer OrganizationsT,Professional Employer OrganizationsT,NAICS
561330,Professional Employer Organizations,Professional Employer Organizations,NAICS
5614,Business Support ServicesT,Business Support ServicesT,NAICS
56141,Document Preparation ServicesT,Document Preparation ServicesT,NAICS
561410,Document Preparation Services,Document Preparation Services,NAICS
56142,Telephone Call CentersT,Telephone Call CentersT,NAICS
561421,Telephone Answering Services,Telephone Answering Services,NAICS
561422,Telemarketing Bureaus and Other Contact Centers,Telemarketing Bureaus and Other Contact Centers,NAICS
56143,Business Service CentersT,Business Service CentersT,NAICS
561431,Private Mail Centers,Private Mail Centers,NAICS
561439,Other Business Service Centers (including Copy Shops),Other Business Service Centers (including Copy Shops),NAICS
56144,Collection AgenciesT,Collection AgenciesT,NAICS
561440,Collection Agencies,Collection Agencies,NAICS
56145,Credit BureausT,Credit BureausT,NAICS
561450,Credit Bureaus,Credit Bureaus,NAICS
56149,Other Business Support ServicesT,Other Business Support ServicesT,NAICS
561491,Repossession Services,Repossession Services,NAICS
561492,Court Reporting and Stenotype Services,Court Reporting and Stenotype Services,NAICS
561499,All Other Business Support Services,All Other Business Support Services,NAICS
5615,Travel Arrangement and Reservation ServicesT,Travel Arrangement and Reservation ServicesT,NAICS
56151,Travel AgenciesT,Travel AgenciesT,NAICS
561510,Travel Agencies,Travel Agencies,NAICS
56152,Tour OperatorsT,Tour OperatorsT,NAICS
561520,Tour Operators,Tour Operators,NAICS
56159,Other Travel Arrangement and Reservation ServicesT,Other Travel Arrangement and Reservation ServicesT,NAICS
561591,Convention and Visitors Bureaus,Convention and Visitors Bureaus,NAICS
561599,All Other Travel Arrangement and Reservation Services,All Other Travel Arrangement and Reservation Services,NAICS
5616,Investigation and Security ServicesT,Investigation and Security ServicesT,NAICS
56161,"Investigation, Guard, and Armored Car ServicesT","Investigation, Guard, and Armored Car ServicesT",NAICS
561611,Investigation and Personal Background Check Services,Investigation and Personal Background Check Services,NAICS
561612,Security Guards and Patrol Services,Security Guards and Patrol Services,NAICS
561613,Armored Car Services,Armored Car Services,NAICS
56162,Security Systems ServicesT,Security Systems ServicesT,NAICS
561621,Security Systems Services (except Locksmiths),Security Systems Services (except Locksmiths),NAICS
561622,Locksmiths,Locksmiths,NAICS
5617,Services to Buildings and DwellingsT,Services to Buildings and DwellingsT,NAICS
56171,Exterminating and Pest Control ServicesT,Exterminating and Pest Control ServicesT,NAICS
561710,Exterminating and Pest Control Services,Exterminating and Pest Control Services,NAICS
56172,Janitorial ServicesT,Janitorial ServicesT,NAICS
561720,Janitorial Services,Janitorial Services,NAICS
56173,Landscaping ServicesT,Landscaping ServicesT,NAICS
561730,Landscaping Services,Landscaping Services,NAICS
56174,Carpet and Upholstery Cleaning ServicesT,Carpet and Upholstery Cleaning ServicesT,NAICS
561740,Carpet and Upholstery Cleaning Services,Carpet and Upholstery Cleaning Services,NAICS
56179,Other Services to Buildings and DwellingsT,Other Services to Buildings and DwellingsT,NAICS
561790,Other Services to Buildings and Dwellings,Other Services to Buildings and Dwellings,NAICS
5619,Other Support ServicesT,Other Support ServicesT,NAICS
56191,Packaging and Labeling ServicesT,Packaging and Labeling ServicesT,NAICS
561910,Packaging and Labeling Services,Packaging and Labeling Services,NAICS
56192,Convention and Trade Show OrganizersT,Convention and Trade Show OrganizersT,NAICS
561920,Convention and Trade Show Organizers,Convention and Trade Show Organizers,NAICS
56199,All Other Support ServicesT,All Other Support ServicesT,NAICS
561990,All Other Support Services,All Other Support Services,NAICS
562,Waste Management and Remediation ServicesT,Waste Management and Remediation ServicesT,NAICS
5621,Waste Collection,Waste Collection,NAICS
56211,Waste Collection,Waste Collection,NAICS
562111,Solid Waste Collection,Solid Waste Collection,NAICS
562112,Hazardous Waste Collection,Hazardous Waste Collection,NAICS
562119,Other Waste Collection,Other Waste Collection,NAICS
5622,Waste Treatment and Disposal,Waste Treatment and Disposal,NAICS
56221,Waste Treatment and Disposal,Waste Treatment and Disposal,NAICS
562211,Hazardous Waste Treatment and Disposal,Hazardous Waste Treatment and Disposal,NAICS
562212,Solid Waste Landfill,Solid Waste Landfill,NAICS
562213,Solid Waste Combustors and Incinerators,Solid Waste Combustors and Incinerators,NAICS
562219,Other Nonhazardous Waste Treatment and Disposal,Other Nonhazardous Waste Treatment and Disposal,NAICS
5629,Remediation and Other Waste Management Services,Remediation and Other Waste Management Services,NAICS
56291,Remediation Services,Remediation Services,NAICS
562910,Remediation Services,Remediation Services,NAICS
56292,Materials Recovery Facilities,Materials Recovery Facilities,NAICS
562920,Materials Recovery Facilities,Materials Recovery Facilities,NAICS
56299,All Other Waste Management Services,All Other Waste Management Services,NAICS
562991,Septic Tank and Related Services,Septic Tank and Related Services,NAICS
562998,All Other Miscellaneous Waste Management Services,All Other Miscellaneous Waste Management Services,NAICS
61,Educational Services,Educational Services,NAICS
611,Educational ServicesT,Educational ServicesT,NAICS
6111,Elementary and Secondary SchoolsT,Elementary and Secondary SchoolsT,NAICS
61111,Elementary and Secondary Schools,Elementary and Secondary Schools,NAICS
611110,Elementary and Secondary Schools,Elementary and Secondary Schools,NAICS
6112,Junior CollegesT,Junior CollegesT,NAICS
61121,Junior CollegesT,Junior CollegesT,NAICS
611210,Junior Colleges,Junior Colleges,NAICS
6113,"Colleges, Universities, and Professional SchoolsT","Colleges, Universities, and Professional SchoolsT",NAICS
61131,"Colleges, Universities, and Professional SchoolsT","Colleges, Universities, and Professional SchoolsT",NAICS
611310,"Colleges, Universities, and Professional Schools","Colleges, Universities, and Professional Schools",NAICS
6114,Business Schools and Computer and Management TrainingT,Business Schools and Computer and Management TrainingT,NAICS
61141,Business and Secretarial SchoolsT,Business and Secretarial SchoolsT,NAICS
611410,Business and Secretarial Schools,Business and Secretarial Schools,NAICS
61142,Computer TrainingT,Computer TrainingT,NAICS
611420,Computer Training,Computer Training,NAICS
61143,Professional and Management Development TrainingT,Professional and Management Development TrainingT,NAICS
611430,Professional and Management Development Training,Professional and Management Development Training,NAICS
6115,Technical and Trade SchoolsT,Technical and Trade SchoolsT,NAICS
61151,Technical and Trade SchoolsT,Technical and Trade SchoolsT,NAICS
611511,Cosmetology and Barber Schools,Cosmetology and Barber Schools,NAICS
611512,Flight Training,Flight Training,NAICS
611513,Apprenticeship Training,Apprenticeship Training,NAICS
611519,Other Technical and Trade Schools,Other Technical and Trade Schools,NAICS
6116,Other Schools and InstructionT,Other Schools and InstructionT,NAICS
61161,Fine Arts SchoolsT,Fine Arts SchoolsT,NAICS
611610,Fine Arts Schools,Fine Arts Schools,NAICS
61162,Sports and Recreation InstructionT,Sports and Recreation InstructionT,NAICS
611620,Sports and Recreation Instruction,Sports and Recreation Instruction,NAICS
61163,Language SchoolsT,Language SchoolsT,NAICS
611630,Language Schools,Language Schools,NAICS
61169,All Other Schools and InstructionT,All Other Schools and InstructionT,NAICS
611691,Exam Preparation and Tutoring,Exam Preparation and Tutoring,NAICS
611692,Automobile Driving Schools,Automobile Driving Schools,NAICS
611699,All Other Miscellaneous Schools and Instruction,All Other Miscellaneous Schools and Instruction,NAICS
6117,Educational Support ServicesT,Educational Support ServicesT,NAICS
61171,Educational Support ServicesT,Educational Support ServicesT,NAICS
611710,Educational Support Services,Educational Support Services,NAICS
62,Health Care and Social Assistance,Health Care and Social Assistance,NAICS
621,Ambulatory Health Care ServicesT,Ambulatory Health Care ServicesT,NAICS
6211,Offices of PhysiciansT,Offices of PhysiciansT,NAICS
62111,Offices of PhysiciansT,Offices of PhysiciansT,NAICS
621111,Offices of Physicians (except Mental Health Specialists),Offices of Physicians (except Mental Health Specialists),NAICS
621112,"Offices of Physicians, Mental Health Specialists","Offices of Physicians, Mental Health Specialists",NAICS
6212,Offices of DentistsT,Offices of DentistsT,NAICS
62121,Offices of DentistsT,Offices of DentistsT,NAICS
621210,Offices of Dentists,Offices of Dentists,NAICS
6213,Offices of Other Health PractitionersT,Offices of Other Health PractitionersT,NAICS
62131,Offices of ChiropractorsT,Offices of ChiropractorsT,NAICS
621310,Offices of Chiropractors,Offices of Chiropractors,NAICS
62132,Offices of OptometristsT,Offices of OptometristsT,NAICS
621320,Offices of Optometrists,Offices of Optometrists,NAICS
62133,Offices of Mental Health Practitioners (except Physicians)T,Offices of Mental Health Practitioners (except Physicians)T,NAICS
621330,Offices of Mental Health Practitioners (except Physicians),Offices of Mental Health Practitioners (except Physicians),NAICS
62134,"Offices of Physical, Occupational and Speech Therapists, and AudiologistsT","Offices of Physical, Occupational and Speech Therapists, and AudiologistsT",NAICS
621340,"Offices of Physical, Occupational and Speech Therapists, and Audiologists","Offices of Physical, Occupational and Speech Therapists, and Audiologists",NAICS
62139,Offices of All Other Health PractitionersT,Offices of All Other Health PractitionersT,NAICS
621391,Offices of Podiatrists,Offices of Podiatrists,NAICS
621399,Offices of All Other Miscellaneous Health Practitioners,Offices of All Other Miscellaneous Health Practitioners,NAICS
6214,Outpatient Care CentersT,Outpatient Care CentersT,NAICS
62141,Family Planning CentersT,Family Planning CentersT,NAICS
621410,Family Planning Centers,Family Planning Centers,NAICS
62142,Outpatient Mental Health and Substance Abuse CentersT,Outpatient Mental Health and Substance Abuse CentersT,NAICS
621420,Outpatient Mental Health and Substance Abuse Centers,Outpatient Mental Health and Substance Abuse Centers,NAICS
62149,Other Outpatient Care CentersT,Other Outpatient Care CentersT,NAICS
621491,HMO Medical Centers,HMO Medical Centers,NAICS
621492,Kidney Dialysis Centers,Kidney Dialysis Centers,NAICS
621493,Freestanding Ambulatory Surgical and Emergency Centers,Freestanding Ambulatory Surgical and Emergency Centers,NAICS
621498,All Other Outpatient Care Centers,All Other Outpatient Care Centers,NAICS
6215,Medical and Diagnostic LaboratoriesT,Medical and Diagnostic LaboratoriesT,NAICS
62151,Medical and Diagnostic LaboratoriesT,Medical and Diagnostic LaboratoriesT,NAICS
621511,Medical Laboratories,Medical Laboratories,NAICS
621512,Diagnostic Imaging Centers,Diagnostic Imaging Centers,NAICS
6216,Home Health Care ServicesT,Home Health Care ServicesT,NAICS
62161,Home Health Care ServicesT,Home Health Care ServicesT,NAICS
621610,Home Health Care Services,Home Health Care Services,NAICS
6219,Other Ambulatory Health Care ServicesT,Other Ambulatory Health Care ServicesT,NAICS
62191,Ambulance ServicesT,Ambulance ServicesT,NAICS
621910,Ambulance Services,Ambulance Services,NAICS
62199,All Other Ambulatory Health Care ServicesT,All Other Ambulatory Health Care ServicesT,NAICS
621991,Blood and Organ Banks,Blood and Organ Banks,NAICS
621999,All Other Miscellaneous Ambulatory Health Care Services,All Other Miscellaneous Ambulatory Health Care Services,NAICS
622,HospitalsT,HospitalsT,NAICS
6221,General Medical and Surgical HospitalsT,General Medical and Surgical HospitalsT,NAICS
62211,General Medical and Surgical HospitalsT,General Medical and Surgical HospitalsT,NAICS
622110,General Medical and Surgical Hospitals,General Medical and Surgical Hospitals,NAICS
6222,Psychiatric and Substance Abuse HospitalsT,Psychiatric and Substance Abuse HospitalsT,NAICS
62221,Psychiatric and Substance Abuse HospitalsT,Psychiatric and Substance Abuse HospitalsT,NAICS
622210,Psychiatric and Substance Abuse Hospitals,Psychiatric and Substance Abuse Hospitals,NAICS
6223,Specialty (except Psychiatric and Substance Abuse) HospitalsT,Specialty (except Psychiatric and Substance Abuse) HospitalsT,NAICS
62231,Specialty (except Psychiatric and Substance Abuse) HospitalsT,Specialty (except Psychiatric and Substance Abuse) HospitalsT,NAICS
622310,Specialty (except Psychiatric and Substance Abuse) Hospitals,Specialty (except Psychiatric and Substance Abuse) Hospitals,NAICS
623,Nursing and Residential Care FacilitiesT,Nursing and Residential Care FacilitiesT,NAICS
6231,Nursing Care Facilities (Skilled Nursing Facilities)T,Nursing Care Facilities (Skilled Nursing Facilities)T,NAICS
62311,Nursing Care Facilities (Skilled Nursing Facilities)T,Nursing Care Facilities (Skilled Nursing Facilities)T,NAICS
623110,Nursing Care Facilities (Skilled Nursing Facilities),Nursing Care Facilities (Skilled Nursing Facilities),NAICS
6232,"Residential Intellectual and Developmental Disability, Mental Health, and Substance Abuse Facilities","Residential Intellectual and Developmental Disability, Mental Health, and Substance Abuse Facilities",NAICS
62321,Residential Intellectual and Developmental Disability FacilitiesT,Residential Intellectual and Developmental Disability FacilitiesT,NAICS
623210,Residential Intellectual and Developmental Disability Facilities,Residential Intellectual and Developmental Disability Facilities,NAICS
62322,Residential Mental Health and Substance Abuse FacilitiesT,Residential Mental Health and Substance Abuse FacilitiesT,NAICS
623220,Residential Mental Health and Substance Abuse Facilities,Residential Mental Health and Substance Abuse Facilities,NAICS
6233,Continuing Care Retirement Communities and Assisted Living Facilities for the ElderlyT,Continuing Care Retirement Communities and Assisted Living Facilities for the ElderlyT,NAICS
62331,Continuing Care Retirement Communities and Assisted Living Facilities for the ElderlyT,Continuing Care Retirement Communities and Assisted Living Facilities for the ElderlyT,NAICS
623311,Continuing Care Retirement Communities,Continuing Care Retirement Communities,NAICS
623312,Assisted Living Facilities for the Elderly,Assisted Living Facilities for the Elderly,NAICS
6239,Other Residential Care FacilitiesT,Other Residential Care FacilitiesT,NAICS
62399,Other Residential Care FacilitiesT,Other Residential Care FacilitiesT,NAICS
623990,Other Residential Care Facilities,Other Residential Care Facilities,NAICS
624,Social AssistanceT,Social AssistanceT,NAICS
6241,Individual and Family ServicesT,Individual and Family ServicesT,NAICS
62411,Child and Youth ServicesT,Child and Youth ServicesT,NAICS
624110,Child and Youth Services,Child and Youth Services,NAICS
62412,Services for the Elderly and Persons with DisabilitiesT,Services for the Elderly and Persons with DisabilitiesT,NAICS
624120,Services for the Elderly and Persons with Disabilities,Services for the Elderly and Persons with Disabilities,NAICS
62419,Other Individual and Family ServicesT,Other Individual and Family ServicesT,NAICS
624190,Other Individual and Family Services,Other Individual and Family Services,NAICS
6242,"Community Food and Housing, and Emergency and Other Relief ServicesT","Community Food and Housing, and Emergency and Other Relief ServicesT",NAICS
62421,Community Food ServicesT,Community Food ServicesT,NAICS
624210,Community Food Services,Community Food Services,NAICS
62422,Community Housing ServicesT,Community Housing ServicesT,NAICS
624221,Temporary Shelters,Temporary Shelters,NAICS
624229,Other Community Housing Services,Other Community Housing Services,NAICS
62423,Emergency and Other Relief ServicesT,Emergency and Other Relief ServicesT,NAICS
624230,Emergency and Other Relief Services,Emergency and Other Relief Services,NAICS
6243,Vocational Rehabilitation ServicesT,Vocational Rehabilitation ServicesT,NAICS
62431,Vocational Rehabilitation ServicesT,Vocational Rehabilitation ServicesT,NAICS
624310,Vocational Rehabilitation Services,Vocational Rehabilitation Services,NAICS
6244,Child Care ServicesT,Child Care ServicesT,NAICS
62441,Child Care ServicesT,Child Care ServicesT,NAICS
624410,Child Care Services,Child Care Services,NAICS
71,"Arts, Entertainment, and Recreation","Arts, Entertainment, and Recreation",NAICS
711,"Performing Arts, Spectator Sports, and Related IndustriesT","Performing Arts, Spectator Sports, and Related IndustriesT",NAICS
7111,Performing Arts CompaniesT,Performing Arts CompaniesT,NAICS
71111,Theater Companies and Dinner TheatersT,Theater Companies and Dinner TheatersT,NAICS
711110,Theater Companies and Dinner Theaters,Theater Companies and Dinner Theaters,NAICS
71112,Dance CompaniesT,Dance CompaniesT,NAICS
711120,Dance Companies,Dance Companies,NAICS
71113,Musical Groups and ArtistsT,Musical Groups and ArtistsT,NAICS
711130,Musical Groups and Artists,Musical Groups and Artists,NAICS
71119,Other Performing Arts CompaniesT,Other Performing Arts CompaniesT,NAICS
711190,Other Performing Arts Companies,Other Performing Arts Companies,NAICS
7112,Spectator SportsT,Spectator SportsT,NAICS
71121,Spectator SportsT,Spectator SportsT,NAICS
711211,Sports Teams and Clubs,Sports Teams and Clubs,NAICS
711212,Racetracks,Racetracks,NAICS
711219,Other Spectator Sports,Other Spectator Sports,NAICS
7113,"Promoters of Performing Arts, Sports, and Similar EventsT","Promoters of Performing Arts, Sports, and Similar EventsT",NAICS
71131,"Promoters of Performing Arts, Sports, and Similar Events with FacilitiesT","Promoters of Performing Arts, Sports, and Similar Events with FacilitiesT",NAICS
711310,"Promoters of Performing Arts, Sports, and Similar Events with Facilities","Promoters of Performing Arts, Sports, and Similar Events with Facilities",NAICS
71132,"Promoters of Performing Arts, Sports, and Similar Events without FacilitiesT","Promoters of Performing Arts, Sports, and Similar Events without FacilitiesT",NAICS
711320,"Promoters of Performing Arts, Sports, and Similar Events without Facilities","Promoters of Performing Arts, Sports, and Similar Events without Facilities",NAICS
7114,"Agents and Managers for Artists, Athletes, Entertainers, and Other Public FiguresT","Agents and Managers for Artists, Athletes, Entertainers, and Other Public FiguresT",NAICS
71141,"Agents and Managers for Artists, Athletes, Entertainers, and Other Public FiguresT","Agents and Managers for Artists, Athletes, Entertainers, and Other Public FiguresT",NAICS
711410,"Agents and Managers for Artists, Athletes, Entertainers, and Other Public Figures","Agents and Managers for Artists, Athletes, Entertainers, and Other Public Figures",NAICS
7115,"Independent Artists, Writers, and PerformersT","Independent Artists, Writers, and PerformersT",NAICS
71151,"Independent Artists, Writers, and PerformersT","Independent Artists, Writers, and PerformersT",NAICS
711510,"Independent Artists, Writers, and Performers","Independent Artists, Writers, and Performers",NAICS
712,"Museums, Historical Sites, and Similar InstitutionsT","Museums, Historical Sites, and Similar InstitutionsT",NAICS
7121,"Museums, Historical Sites, and Similar InstitutionsT","Museums, Historical Sites, and Similar InstitutionsT",NAICS
71211,MuseumsT,MuseumsT,NAICS
712110,Museums,Museums,NAICS
71212,Historical SitesT,Historical SitesT,NAICS
712120,Historical Sites,Historical Sites,NAICS
71213,Zoos and Botanical GardensT,Zoos and Botanical GardensT,NAICS
712130,Zoos and Botanical Gardens,Zoos and Botanical Gardens,NAICS
71219,Nature Parks and Other Similar InstitutionsT,Nature Parks and Other Similar InstitutionsT,NAICS
712190,Nature Parks and Other Similar Institutions,Nature Parks and Other Similar Institutions,NAICS
713,"Amusement, Gambling, and Recreation IndustriesT","Amusement, Gambling, and Recreation IndustriesT",NAICS
7131,Amusement Parks and ArcadesT,Amusement Parks and ArcadesT,NAICS
71311,Amusement and Theme ParksT,Amusement and Theme ParksT,NAICS
713110,Amusement and Theme Parks,Amusement and Theme Parks,NAICS
71312,Amusement ArcadesT,Amusement ArcadesT,NAICS
713120,Amusement Arcades,Amusement Arcades,NAICS
7132,Gambling IndustriesT,Gambling IndustriesT,NAICS
71321,Casinos (except Casino Hotels)T,Casinos (except Casino Hotels)T,NAICS
713210,Casinos (except Casino Hotels),Casinos (except Casino Hotels),NAICS
71329,Other Gambling IndustriesT,Other Gambling IndustriesT,NAICS
713290,Other Gambling Industries,Other Gambling Industries,NAICS
7139,Other Amusement and Recreation IndustriesT,Other Amusement and Recreation IndustriesT,NAICS
71391,Golf Courses and Country ClubsT,Golf Courses and Country ClubsT,NAICS
713910,Golf Courses and Country Clubs,Golf Courses and Country Clubs,NAICS
71392,Skiing FacilitiesT,Skiing FacilitiesT,NAICS
713920,Skiing Facilities,Skiing Facilities,NAICS
71393,MarinasT,MarinasT,NAICS
713930,Marinas,Marinas,NAICS
71394,Fitness and Recreational Sports CentersT,Fitness and Recreational Sports CentersT,NAICS
713940,Fitness and Recreational Sports Centers,Fitness and Recreational Sports Centers,NAICS
71395,Bowling CentersT,Bowling CentersT,NAICS
713950,Bowling Centers,Bowling Centers,NAICS
71399,All Other Amusement and Recreation IndustriesT,All Other Amusement and Recreation IndustriesT,NAICS
713990,All Other Amusement and Recreation Industries,All Other Amusement and Recreation Industries,NAICS
72,Accommodation and Food Services,Accommodation and Food Services,NAICS
721,AccommodationT,AccommodationT,NAICS
7211,Traveler AccommodationT,Traveler AccommodationT,NAICS
72111,Hotels (except Casino Hotels) and MotelsT,Hotels (except Casino Hotels) and MotelsT,NAICS
721110,Hotels (except Casino Hotels) and Motels,Hotels (except Casino Hotels) and Motels,NAICS
72112,Casino HotelsT,Casino HotelsT,NAICS
721120,Casino Hotels,Casino Hotels,NAICS
72119,Other Traveler AccommodationT,Other Traveler AccommodationT,NAICS
721191,Bed-and-Breakfast Inns,Bed-and-Breakfast Inns,NAICS
721199,All Other Traveler Accommodation,All Other Traveler Accommodation,NAICS
7212,RV (Recreational Vehicle) Parks and Recreational CampsT,RV (Recreational Vehicle) Parks and Recreational CampsT,NAICS
72121,RV (Recreational Vehicle) Parks and Recreational CampsT,RV (Recreational Vehicle) Parks and Recreational CampsT,NAICS
721211,RV (Recreational Vehicle) Parks and Campgrounds,RV (Recreational Vehicle) Parks and Campgrounds,NAICS
721214,Recreational and Vacation Camps (except Campgrounds),Recreational and Vacation Camps (except Campgrounds),NAICS
7213,"Rooming and Boarding Houses, Dormitories, and Workers' CampsT","Rooming and Boarding Houses, Dormitories, and Workers' CampsT",NAICS
72131,"Rooming and Boarding Houses, Dormitories, and Workers' CampsT","Rooming and Boarding Houses, Dormitories, and Workers' CampsT",NAICS
721310,"Rooming and Boarding Houses, Dormitories, and Workers' Camps","Rooming and Boarding Houses, Dormitories, and Workers' Camps",NAICS
722,Food Services and Drinking PlacesT,Food Services and Drinking PlacesT,NAICS
7223,Special Food ServicesT,Special Food ServicesT,NAICS
72231,Food Service ContractorsT,Food Service ContractorsT,NAICS
722310,Food Service Contractors,Food Service Contractors,NAICS
72232,CaterersT,CaterersT,NAICS
722320,Caterers,Caterers,NAICS
72233,Mobile Food ServicesT,Mobile Food ServicesT,NAICS
722330,Mobile Food Services,Mobile Food Services,NAICS
7224,Drinking Places (Alcoholic Beverages)T,Drinking Places (Alcoholic Beverages)T,NAICS
72241,Drinking Places (Alcoholic Beverages)T,Drinking Places (Alcoholic Beverages)T,NAICS
722410,Drinking Places (Alcoholic Beverages),Drinking Places (Alcoholic Beverages),NAICS
7225,Restaurants and Other Eating Places,Restaurants and Other Eating Places,NAICS
72251,Restaurants and Other Eating Places,Restaurants and Other Eating Places,NAICS
722511,Full-Service Restaurants,Full-Service Restaurants,NAICS
722513,Limited-Service Restaurants,Limited-Service Restaurants,NAICS
722514,"Cafeterias, Grill Buffets, and Buffets","Cafeterias, Grill Buffets, and Buffets",NAICS
722515,Snack and Nonalcoholic Beverage Bars,Snack and Nonalcoholic Beverage Bars,NAICS
81,Other Services (except Public Administration),Other Services (except Public Administration),NAICS
811,Repair and MaintenanceT,Repair and MaintenanceT,NAICS
8111,Automotive Repair and MaintenanceT,Automotive Repair and MaintenanceT,NAICS
81111,Automotive Mechanical and Electrical Repair and MaintenanceT,Automotive Mechanical and Electrical Repair and MaintenanceT,NAICS
811111,General Automotive Repair,General Automotive Repair,NAICS
811114,Specialized Automotive Repair,Specialized Automotive Repair,NAICS
81112,"Automotive Body, Paint, Interior, and Glass Repair","Automotive Body, Paint, Interior, and Glass Repair",NAICS
811121,"Automotive Body, Paint, and Interior Repair and Maintenance","Automotive Body, Paint, and Interior Repair and Maintenance",NAICS
811122,Automotive Glass Replacement Shops,Automotive Glass Replacement Shops,NAICS
81119,Other Automotive Repair and MaintenanceT,Other Automotive Repair and MaintenanceT,NAICS
811191,Automotive Oil Change and Lubrication Shops,Automotive Oil Change and Lubrication Shops,NAICS
811192,Car Washes,Car Washes,NAICS
811198,All Other Automotive Repair and Maintenance,All Other Automotive Repair and Maintenance,NAICS
8112,Electronic and Precision Equipment Repair and MaintenanceT,Electronic and Precision Equipment Repair and MaintenanceT,NAICS
81121,Electronic and Precision Equipment Repair and MaintenanceT,Electronic and Precision Equipment Repair and MaintenanceT,NAICS
811210,Electronic and Precision Equipment Repair and Maintenance,Electronic and Precision Equipment Repair and Maintenance,NAICS
8113,Commercial and Industrial Machinery and Equipment (except Automotive and Electronic) Repair and MaintenanceT,Commercial and Industrial Machinery and Equipment (except Automotive and Electronic) Repair and MaintenanceT,NAICS
81131,Commercial and Industrial Machinery and Equipment (except Automotive and Electronic) Repair and MaintenanceT,Commercial and Industrial Machinery and Equipment (except Automotive and Electronic) Repair and MaintenanceT,NAICS
811310,Commercial and Industrial Machinery and Equipment (except Automotive and Electronic) Repair and Maintenance,Commercial and Industrial Machinery and Equipment (except Automotive and Electronic) Repair and Maintenance,NAICS
8114,Personal and Household Goods Repair and MaintenanceT,Personal and Household Goods Repair and MaintenanceT,NAICS
81141,Home and Garden Equipment and Appliance Repair and MaintenanceT,Home and Garden Equipment and Appliance Repair and MaintenanceT,NAICS
811411,Home and Garden Equipment Repair and Maintenance,Home and Garden Equipment Repair and Maintenance,NAICS
811412,Appliance Repair and Maintenance,Appliance Repair and Maintenance,NAICS
81142,Reupholstery and Furniture RepairT,Reupholstery and Furniture RepairT,NAICS
811420,Reupholstery and Furniture Repair,Reupholstery and Furniture Repair,NAICS
81143,Footwear and Leather Goods Repair,Footwear and Leather Goods Repair,NAICS
811430,Footwear and Leather Goods Repair,Footwear and Leather Goods Repair,NAICS
81149,Other Personal and Household Goods Repair and MaintenanceT,Other Personal and Household Goods Repair and MaintenanceT,NAICS
811490,Other Personal and Household Goods Repair and Maintenance,Other Personal and Household Goods Repair and Maintenance,NAICS
812,Personal and Laundry Services,Personal and Laundry Services,NAICS
8121,Personal Care Services,Personal Care Services,NAICS
81211,"Hair, Nail, and Skin Care Services","Hair, Nail, and Skin Care Services",NAICS
812111,Barber Shops,Barber Shops,NAICS
812112,Beauty Salons,Beauty Salons,NAICS
812113,Nail Salons,Nail Salons,NAICS
81219,Other Personal Care Services,Other Personal Care Services,NAICS
812191,Diet and Weight Reducing Centers,Diet and Weight Reducing Centers,NAICS
812199,Other Personal Care Services,Other Personal Care Services,NAICS
8122,Death Care Services,Death Care Services,NAICS
81221,Funeral Homes and Funeral Services,Funeral Homes and Funeral Services,NAICS
812210,Funeral Homes and Funeral Services,Funeral Homes and Funeral Services,NAICS
81222,Cemeteries and Crematories,Cemeteries and Crematories,NAICS
812220,Cemeteries and Crematories,Cemeteries and Crematories,NAICS
8123,Drycleaning and Laundry Services,Drycleaning and Laundry Services,NAICS
81231,Coin-Operated Laundries and Drycleaners,Coin-Operated Laundries and Drycleaners,NAICS
812310,Coin-Operated Laundries and Drycleaners,Coin-Operated Laundries and Drycleaners,NAICS
81232,Drycleaning and Laundry Services (except Coin-Operated),Drycleaning and Laundry Services (except Coin-Operated),NAICS
812320,Drycleaning and Laundry Services (except Coin-Operated),Drycleaning and Laundry Services (except Coin-Operated),NAICS
81233,Linen and Uniform Supply,Linen and Uniform Supply,NAICS
812331,Linen Supply,Linen Supply,NAICS
812332,Industrial Launderers,Industrial Launderers,NAICS
8129,Other Personal Services,Other Personal Services,NAICS
81291,Pet Care (except Veterinary) Services,Pet Care (except Veterinary) Services,NAICS
812910,Pet Care (except Veterinary) Services,Pet Care (except Veterinary) Services,NAICS
81292,Photofinishing,Photofinishing,NAICS
812921,Photofinishing Laboratories (except One-Hour),Photofinishing Laboratories (except One-Hour),NAICS
812922,One-Hour Photofinishing,One-Hour Photofinishing,NAICS
81293,Parking Lots and Garages,Parking Lots and Garages,NAICS
812930,Parking Lots and Garages,Parking Lots and Garages,NAICS
81299,All Other Personal Services,All Other Personal Services,NAICS
812990,All Other Personal Services,All Other Personal Services,NAICS
813,"Religious, Grantmaking, Civic, Professional, and Similar Organizations","Religious, Grantmaking, Civic, Professional, and Similar Organizations",NAICS
8131,Religious Organizations,Religious Organizations,NAICS
81311,Religious Organizations,Religious Organizations,NAICS
813110,Religious Organizations,Religious Organizations,NAICS
8132,Grantmaking and Giving Services,Grantmaking and Giving Services,NAICS
81321,Grantmaking and Giving Services,Grantmaking and Giving Services,NAICS
813211,Grantmaking Foundations,Grantmaking Foundations,NAICS
813212,Voluntary Health Organizations,Voluntary Health Organizations,NAICS
813219,Other Grantmaking and Giving Services,Other Grantmaking and Giving Services,NAICS
8133,Social Advocacy Organizations,Social Advocacy Organizations,NAICS
81331,Social Advocacy Organizations,Social Advocacy Organizations,NAICS
813311,Human Rights Organizations,Human Rights Organizations,NAICS
813312,"Environment, Conservation and Wildlife Organizations","Environment, Conservation and Wildlife Organizations",NAICS
813319,Other Social Advocacy Organizations,Other Social Advocacy Organizations,NAICS
8134,Civic and Social Organizations,Civic and Social Organizations,NAICS
81341,Civic and Social Organizations,Civic and Social Organizations,NAICS
813410,Civic and Social Organizations,Civic and Social Organizations,NAICS
8139,"Business, Professional, Labor, Political, and Similar Organizations","Business, Professional, Labor, Political, and Similar Organizations",NAICS
81391,Business Associations,Business Associations,NAICS
813910,Business Associations,Business Associations,NAICS
81392,Professional Organizations,Professional Organizations,NAICS
813920,Professional Organizations,Professional Organizations,NAICS
81393,Labor Unions and Similar Labor Organizations,Labor Unions and Similar Labor Organizations,NAICS
813930,Labor Unions and Similar Labor Organizations,Labor Unions and Similar Labor Organizations,NAICS
81394,Political Organizations,Political Organizations,NAICS
813940,Political Organizations,Political Organizations,NAICS
81399,"Other Similar Organizations (except Business, Professional, Labor, and Political Organizations)","Other Similar Organizations (except Business, Professional, Labor, and Political Organizations)",NAICS
813990,"Other Similar Organizations (except Business, Professional, Labor, and Political Organizations)","Other Similar Organizations (except Business, Professional, Labor, and Political Organizations)",NAICS
814,Private HouseholdsT,Private HouseholdsT,NAICS
8141,Private HouseholdsT,Private HouseholdsT,NAICS
81411,Private HouseholdsT,Private HouseholdsT,NAICS
814110,Private Households,Private Households,NAICS
92,Public Administration,Public Administration,NAICS
921,"Executive, Legislative, and Other General Government Support","Executive, Legislative, and Other General Government Support",NAICS
9211,"Executive, Legislative, and Other General Government Support","Executive, Legislative, and Other General Government Support",NAICS
92111,Executive Offices,Executive Offices,NAICS
921110,Executive Offices,Executive Offices,NAICS
92112,Legislative Bodies,Legislative Bodies,NAICS
921120,Legislative Bodies,Legislative Bodies,NAICS
92113,Public Finance Activities,Public Finance Activities,NAICS
921130,Public Finance Activities,Public Finance Activities,NAICS
92114,"Executive and Legislative Offices, Combined","Executive and Legislative Offices, Combined",NAICS
921140,"Executive and Legislative Offices, Combined","Executive and Legislative Offices, Combined",NAICS
92115,American Indian and Alaska Native Tribal Governments,American Indian and Alaska Native Tribal Governments,NAICS
921150,American Indian and Alaska Native Tribal Governments,American Indian and Alaska Native Tribal Governments,NAICS
92119,Other General Government Support,Other General Government Support,NAICS
921190,Other General Government Support,Other General Government Support,NAICS
922,"Justice, Public Order, and Safety Activities","Justice, Public Order, and Safety Activities",NAICS
9221,"Justice, Public Order, and Safety Activities","Justice, Public Order, and Safety Activities",NAICS
92211,Courts,Courts,NAICS
922110,Courts,Courts,NAICS
92212,Police Protection,Police Protection,NAICS
922120,Police Protection,Police Protection,NAICS
92213,Legal Counsel and Prosecution,Legal Counsel and Prosecution,NAICS
922130,Legal Counsel and Prosecution,Legal Counsel and Prosecution,NAICS
92214,Correctional Institutions,Correctional Institutions,NAICS
922140,Correctional Institutions,Correctional Institutions,NAICS
92215,Parole Offices and Probation Offices,Parole Offices and Probation Offices,NAICS
922150,Parole Offices and Probation Offices,Parole Offices and Probation Offices,NAICS
92216,Fire Protection,Fire Protection,NAICS
922160,Fire Protection,Fire Protection,NAICS
92219,"Other Justice, Public Order, and Safety Activities","Other Justice, Public Order, and Safety Activities",NAICS
922190,"Other Justice, Public Order, and Safety Activities","Other Justice, Public Order, and Safety Activities",NAICS
923,Administration of Human Resource Programs,Administration of Human Resource Programs,NAICS
9231,Administration of Human Resource Programs,Administration of Human Resource Programs,NAICS
92311,Administration of Education Programs,Administration of Education Programs,NAICS
923110,Administration of Education Programs,Administration of Education Programs,NAICS
92312,Administration of Public Health Programs,Administration of Public Health Programs,NAICS
923120,Administration of Public Health Programs,Administration of Public Health Programs,NAICS
92313,"Administration of Human Resource Programs (except Education, Public Health, and Veterans' Affairs Programs)","Administration of Human Resource Programs (except Education, Public Health, and Veterans' Affairs Programs)",NAICS
923130,"Administration of Human Resource Programs (except Education, Public Health, and Veterans' Affairs Programs)","Administration of Human Resource Programs (except Education, Public Health, and Veterans' Affairs Programs)",NAICS
92314,Administration of Veterans' Affairs,Administration of Veterans' Affairs,NAICS
923140,Administration of Veterans' Affairs,Administration of Veterans' Affairs,NAICS
924,Administration of Environmental Quality Programs,Administration of Environmental Quality Programs,NAICS
9241,Administration of Environmental Quality Programs,Administration of Environmental Quality Programs,NAICS
92411,Administration of Air and Water Resource and Solid Waste Management Programs,Administration of Air and Water Resource and Solid Waste Management Programs,NAICS
924110,Administration of Air and Water Resource and Solid Waste Management Programs,Administration of Air and Water Resource and Solid Waste Management Programs,NAICS
92412,Administration of Conservation Programs,Administration of Conservation Programs,NAICS
924120,Administration of Conservation Programs,Administration of Conservation Programs,NAICS
925,"Administration of Housing Programs, Urban Planning, and Community Development","Administration of Housing Programs, Urban Planning, and Community Development",NAICS
9251,"Administration of Housing Programs, Urban Planning, and Community Development","Administration of Housing Programs, Urban Planning, and Community Development",NAICS
92511,Administration of Housing Programs,Administration of Housing Programs,NAICS
925110,Administration of Housing Programs,Administration of Housing Programs,NAICS
92512,Administration of Urban Planning and Community and Rural Development,Administration of Urban Planning and Community and Rural Development,NAICS
925120,Administration of Urban Planning and Community and Rural Development,Administration of Urban Planning and Community and Rural Development,NAICS
926,Administration of Economic Programs,Administration of Economic Programs,NAICS
9261,Administration of Economic Programs,Administration of Economic Programs,NAICS
92611,Administration of General Economic Programs,Administration of General Economic Programs,NAICS
926110,Administration of General Economic Programs,Administration of General Economic Programs,NAICS
92612,Regulation and Administration of Transportation Programs,Regulation and Administration of Transportation Programs,NAICS
926120,Regulation and Administration of Transportation Programs,Regulation and Administration of Transportation Programs,NAICS
92613,"Regulation and Administration of Communications, Electric, Gas, and Other Utilities","Regulation and Administration of Communications, Electric, Gas, and Other Utilities",NAICS
926130,"Regulation and Administration of Communications, Electric, Gas, and Other Utilities","Regulation and Administration of Communications, Electric, Gas, and Other Utilities",NAICS
92614,Regulation of Agricultural Marketing and Commodities,Regulation of Agricultural Marketing and Commodities,NAICS
926140,Regulation of Agricultural Marketing and Commodities,Regulation of Agricultural Marketing and Commodities,NAICS
92615,"Regulation, Licensing, and Inspection of Miscellaneous Commercial Sectors","Regulation, Licensing, and Inspection of Miscellaneous Commercial Sectors",NAICS
926150,"Regulation, Licensing, and Inspection of Miscellaneous Commercial Sectors","Regulation, Licensing, and Inspection of Miscellaneous Commercial Sectors",NAICS
927,Space Research and Technology,Space Research and Technology,NAICS
9271,Space Research and Technology,Space Research and Technology,NAICS
92711,Space Research and Technology,Space Research and Technology,NAICS
927110,Space Research and Technology,Space Research and Technology,NAICS
928,National Security and International Affairs,National Security and International Affairs,NAICS
9281,National Security and International Affairs,National Security and International Affairs,NAICS
92811,National Security,National Security,NAICS
928110,National Security,National Security,NAICS
92812,International Affairs,International Affairs,NAICS
928120,International Affairs,International Affairs,NAICS
1111,"Crop and animal production, hunting and related service activities",Growing of wheat,NIC
1112,"Crop and animal production, hunting and related service activities","Growing of jowar, bajra and millets",NIC
1113,"Crop and animal production, hunting and related service activities",Growing of other cereals,NIC
1114,"Crop and animal production, hunting and related service activities","Growing of pulses (dal) and other leguminous crops such as peas and beans, not used as oilseeds",NIC
1115,"Crop and animal production, hunting and related service activities",Growing of mustard oil seed,NIC
1116,"Crop and animal production, hunting and related service activities",Growing of groundnut oil seed,NIC
1117,"Crop and animal production, hunting and related service activities",Growing of sunflower oil seed,NIC
1118,"Crop and animal production, hunting and related service activities",Growing of soya bean oil seed,NIC
1119,"Crop and animal production, hunting and related service activities",Growing of other oil seeds,NIC
1121,"Crop and animal production, hunting and related service activities",Organic farming of basmati rice,NIC
1122,"Crop and animal production, hunting and related service activities",Organic farming of non-basmati rice,NIC
1123,"Crop and animal production, hunting and related service activities",Inorganic farming of basmati rice,NIC
1124,"Crop and animal production, hunting and related service activities",Inorganic farming of non-basmati rice,NIC
1131,"Crop and animal production, hunting and related service activities","Growing of asparagus, cabbages, cauliflower, broccoli, lettuce, chicory, spinach and other leafy or stem vegetables",NIC
1132,"Crop and animal production, hunting and related service activities","Growing of cucumbers, gherkins, aubergines, tomatoes, watermelons, cantaloupes , melons and other fruit-bearing vegetables",NIC
1133,"Crop and animal production, hunting and related service activities",Growing of onion,NIC
1134,"Crop and animal production, hunting and related service activities","Growing of carrots, beets,turnips, garlic, leeks and other root, bulb vegetables(onion excluded)",NIC
1135,"Crop and animal production, hunting and related service activities","Growing of potatoes and other tubers such as sweet potatoes, cassava, yams",NIC
1136,"Crop and animal production, hunting and related service activities",Growing of mushrooms and truffles,NIC
1137,"Crop and animal production, hunting and related service activities",Growing of vegetable seeds (except beet seed),NIC
1139,"Crop and animal production, hunting and related service activities","Growing of vegetables, n.e.c.",NIC
1140,"Crop and animal production, hunting and related service activities",Growing of sugar cane,NIC
1150,"Crop and animal production, hunting and related service activities",Growing of tobacco,NIC
1161,"Crop and animal production, hunting and related service activities",Growing of cotton,NIC
1162,"Crop and animal production, hunting and related service activities",Growing of jute,NIC
1169,"Crop and animal production, hunting and related service activities",Growing of other fibre crops,NIC
1191,"Crop and animal production, hunting and related service activities",Growing of rose,NIC
1192,"Crop and animal production, hunting and related service activities",Growing of gladiolus,NIC
1193,"Crop and animal production, hunting and related service activities","Growing of other flowers, including production of cut flowers, flower buds and flower seeds",NIC
1199,"Crop and animal production, hunting and related service activities","Growing of other non-perennial crops including beet seed and padding materials, n.e.c.",NIC
1210,"Crop and animal production, hunting and related service activities",Growing of grapes,NIC
1221,"Crop and animal production, hunting and related service activities",Growing of mangoes,NIC
1222,"Crop and animal production, hunting and related service activities",Growing of bananas,NIC
1223,"Crop and animal production, hunting and related service activities",Growing of pineapples,NIC
1224,"Crop and animal production, hunting and related service activities",Growing of lichchis,NIC
1225,"Crop and animal production, hunting and related service activities",Growing of guava,NIC
1229,"Crop and animal production, hunting and related service activities",Growing of other tropical and sub tropical fruits,NIC
1231,"Crop and animal production, hunting and related service activities",Growing of oranges,NIC
1232,"Crop and animal production, hunting and related service activities",Growing of mousambi (grape fruit),NIC
1233,"Crop and animal production, hunting and related service activities",Growing of lemons and lime,NIC
1239,"Crop and animal production, hunting and related service activities",Growing of other citrus fruits,NIC
1241,"Crop and animal production, hunting and related service activities",Growing of apples,NIC
1242,"Crop and animal production, hunting and related service activities","Growing of appricots, peaches and nectarines",NIC
1243,"Crop and animal production, hunting and related service activities",Growing of cherries and sour cherries,NIC
1249,"Crop and animal production, hunting and related service activities",Growing of other pome fruits and stone fruits,NIC
1251,"Crop and animal production, hunting and related service activities",Growing of strawberries and other berries,NIC
1252,"Crop and animal production, hunting and related service activities","Growing of edible nuts (almonds, cashew nuts, chestnuts, hazelnuts pistachios, walnuts and other nuts)",NIC
1259,"Crop and animal production, hunting and related service activities","Growing of other tree and bush fruits, n.e.c.",NIC
1261,"Crop and animal production, hunting and related service activities",Growing of coconut,NIC
1262,"Crop and animal production, hunting and related service activities",Growing of olives and oil palms,NIC
1269,"Crop and animal production, hunting and related service activities",Growing of other oleaginous fruits,NIC
1271,"Crop and animal production, hunting and related service activities",Growing of tea,NIC
1272,"Crop and animal production, hunting and related service activities",Growing of coffee,NIC
1273,"Crop and animal production, hunting and related service activities",Growing of cocoa,NIC
1279,"Crop and animal production, hunting and related service activities",Growing of other beverage crops,NIC
1281,"Crop and animal production, hunting and related service activities",Growing of ginger,NIC
1282,"Crop and animal production, hunting and related service activities",Growing of chili,NIC
1283,"Crop and animal production, hunting and related service activities",Growing of cardamoms,NIC
1284,"Crop and animal production, hunting and related service activities","Growing of perennial and non-perennial spices and aromatic crops (pepper, capsicum, nutmeg, mace, anise, badian and fennel, cinnamon (canella), cloves, vanilla and other spices and aromatic crops)",NIC
1285,"Crop and animal production, hunting and related service activities",Growing of drug and narcotic crops,NIC
1286,"Crop and animal production, hunting and related service activities","Growing of plants used primarily in perfumery, in pharmacy or for insecticidal, fungicidal or similar purposes",NIC
1287,"Crop and animal production, hunting and related service activities",Growing of heena leaves (mehendi),NIC
1291,"Crop and animal production, hunting and related service activities",Growing of rubber trees,NIC
1292,"Crop and animal production, hunting and related service activities",Growing of trees for extraction of sap,NIC
1293,"Crop and animal production, hunting and related service activities",Growing of bamboo and cane,NIC
1299,"Crop and animal production, hunting and related service activities","Growing of other perennial crops, n.e.c.",NIC
1301,"Crop and animal production, hunting and related service activities",Growing of plants for planting,NIC
1411,"Crop and animal production, hunting and related service activities",Raising and breeding of cattle and buffaloes,NIC
1412,"Crop and animal production, hunting and related service activities",Production of milk from cows or buffaloes,NIC
1413,"Crop and animal production, hunting and related service activities",Production of bovine semen,NIC
1430,"Crop and animal production, hunting and related service activities",Raising and breeding of camels and camelids,NIC
1441,"Crop and animal production, hunting and related service activities",Raising and breeding of sheep and goats,NIC
1442,"Crop and animal production, hunting and related service activities",Production of milk from sheep or goat,NIC
1443,"Crop and animal production, hunting and related service activities",Production of raw wool,NIC
1450,"Crop and animal production, hunting and related service activities",Raising of swine/pigs (including breeding of swine/pigs),NIC
1461,"Crop and animal production, hunting and related service activities","Raising and breeding of chickens and capons, ducks, geese, turkeys and guinea fowls chickens and capons, ducks, geese, turkeys and guinea fowls",NIC
1462,"Crop and animal production, hunting and related service activities",Production of eggs,NIC
1463,"Crop and animal production, hunting and related service activities",Operation of poultry hatcheries,NIC
1491,"Crop and animal production, hunting and related service activities","Raising and breeding of pet animals (cats, dogs, birds, hamsters etc.)",NIC
1492,"Crop and animal production, hunting and related service activities",Bee-keeping and production of honey and beeswax,NIC
1493,"Crop and animal production, hunting and related service activities","Raising of silk worms, production of silk worm cocoons",NIC
1499,"Crop and animal production, hunting and related service activities","Raising of other animals, n.e.c.",NIC
1500,"Crop and animal production, hunting and related service activities",Mixed farming,NIC
1611,"Crop and animal production, hunting and related service activities","Agricultural activities on a fee or contract basis (preparation of fields, establishing a crop, treatment of crops, crop spraying, trimming of fruit trees and vines, transplanting of rice, thinning of beets, harvesting, pest control in connection with agr",NIC
1612,"Crop and animal production, hunting and related service activities",Operation of agricultural irrigation equipment,NIC
1619,"Crop and animal production, hunting and related service activities","Other supporting activities including agricultural gardening (excluding parks and gardening activities),n.e.c.",NIC
1620,"Crop and animal production, hunting and related service activities",Support activities for animal production,NIC
1631,"Crop and animal production, hunting and related service activities","Preparation of crops for primary markets, i.e. cleaning, trimming, grading, disinfecting",NIC
1632,"Crop and animal production, hunting and related service activities","Cotton ginning, cleaning and bailing",NIC
1633,"Crop and animal production, hunting and related service activities",Preparation of tobacco leaves,NIC
1639,"Crop and animal production, hunting and related service activities","Other post harvest crop activities, n.e.c.",NIC
1640,"Crop and animal production, hunting and related service activities",Seed processing for propagation,NIC
1700,"Crop and animal production, hunting and related service activities","Hunting, trapping and related service activities",NIC
2101,Forestry and logging,"Growing of standing timber (planting, replanting, transplanting, thinning and conserving of forests and timber tracts)",NIC
2102,Forestry and logging,Operation of forest tree nurseries,NIC
2109,Forestry and logging,"Other foresty activities including growing of pulpwood,firewood etc",NIC
2201,Forestry and logging,Gathering and preparation of fire wood,NIC
2202,Forestry and logging,"Logging camps and loggers primarily engaged in felling timber and producing wood in the rough such as pitprops, split poles, pickets, hewn railway ties",NIC
2203,Forestry and logging,Production of charcoal in the forest (using traditional methods),NIC
2209,Forestry and logging,"Other logging activities, n.e.c.",NIC
2301,Forestry and logging,Gathering of tendu leaves,NIC
2302,Forestry and logging,"Gathering of lac, resins and rubber-like gums",NIC
2303,Forestry and logging,"Gathering of wild growing mushrooms, truffles, berries, nuts, cork, balsams, vegetable hair, eelgrass, mosses, lichens",NIC
2309,Forestry and logging,"Gathering of non-wood forest products, n.e.c.",NIC
2401,Forestry and logging,"Forestry service activities (forest management consulting services, forestry inventories, timber evaluation, forest pest control)",NIC
2402,Forestry and logging,Logging service activities such as transport of logs within the forest,NIC
3111,Fishing and aquaculture,Fishing on a commercial basis including taking of marine crustaceans and molluscs in ocean and coastal waters,NIC
3112,Fishing and aquaculture,"Gathering of other marine organisms and materials such as natural pearls, sponges, coral and algae",NIC
3113,Fishing and aquaculture,Activities of vessels engaged in fishing and in processing and preserving of fish,NIC
3121,Fishing and aquaculture,Fishing and taking of freshwater crustaceans and molluscs on a commercial basis in inland waters,NIC
3122,Fishing and aquaculture,Taking and gathering of freshwater aquatic animals,NIC
3211,Fishing and aquaculture,Fish farming in sea water including farming of marine ornamental fish,NIC
3212,Fishing and aquaculture,"Culture of crustaceans, bivalves, other mollusks and other aquatic animals in sea water",NIC
3213,Fishing and aquaculture,Growing of edible seaweeds,NIC
3214,Fishing and aquaculture,Aquaculture activities in brackish waters and in salt water filled tanks or reservoirs,NIC
3215,Fishing and aquaculture,Operation of fish hatcheries (marine),NIC
3219,Fishing and aquaculture,"Other marine aquaculture, n.e.c.",NIC
3221,Fishing and aquaculture,Fish farming in freshwater including farming of freshwater ornamental fish,NIC
3222,Fishing and aquaculture,"Culture of freshwater crustaceans, bivalves, other mollusks and other aquatic animals",NIC
3223,Fishing and aquaculture,Operation of fish hatcheries (fresh-water),NIC
3229,Fishing and aquaculture,"Other freshwater aquaculture ctivities, n.e.c.",NIC
5101,Mining of coal and lignite,Opencast mining of hard coal,NIC
5102,Mining of coal and lignite,Belowground mining of hard coal,NIC
5103,Mining of coal and lignite,"Cleaning, sizing, grading, pulverizing, compressing etc. of coal",NIC
5109,Mining of coal and lignite,Other operations relating to mining and agglomeration of hard coal,NIC
5201,Mining of coal and lignite,Opencast mining of lignite (brown coal),NIC
5202,Mining of coal and lignite,Belowground mining of lignite (brown coal),NIC
5203,Mining of coal and lignite,"Washing, dehydrating, pulverizing, compressing of lignite",NIC
5209,Mining of coal and lignite,Other operations relating to mining and agglomeration of lignite,NIC
6101,Extraction of crude petroleum and natural gas,Off shore extraction of crude petroleum,NIC
6102,Extraction of crude petroleum and natural gas,On shore extraction of crude petroleum,NIC
6201,Extraction of crude petroleum and natural gas,Offshore Extraction of natural gas,NIC
6202,Extraction of crude petroleum and natural gas,On shore Extraction of natural gas,NIC
7100,Mining of metal ores,Mining of iron ores,NIC
7210,Mining of metal ores,Mining of uranium and thorium ores,NIC
7291,Mining of metal ores,Mining of copper ore,NIC
7292,Mining of metal ores,Mining of aluminium ore (bauxite),NIC
7293,Mining of metal ores,Mining of manganese ore,NIC
7294,Mining of metal ores,Mining of chromium ore,NIC
7295,Mining of metal ores,"Mining of precious metal ore (gold, silver)",NIC
7296,Mining of metal ores,Mining of lead and znic ore,NIC
7299,Mining of metal ores,"Mining of other non-ferrous metal ores, n.e.c. [titanium ( ilmenite and rutile) ,niobium, tantalum, vanadium or zirconium ores; tin bearing ores; and, nickel, cobalt, tungsten, molybdenum, antimony and other non-ferrous metal ores]",NIC
8101,Other mining and quarrying,Quarrying of marble,NIC
8102,Other mining and quarrying,Quarrying of granite,NIC
8103,Other mining and quarrying,Quarrying of slate and building and monumental stone other than marble and granite,NIC
8104,Other mining and quarrying,Mining of dolomite,NIC
8105,Other mining and quarrying,Mining of gypsum including selenite,NIC
8106,Other mining and quarrying,"Operation of sand or gravel pits, basalt / porphyry, clay (ordinary), crushing and breaking of stone for use as a flux or raw material in lime or cement, manufacture or as building material, road metal or ballast and other materials for construction",NIC
8107,Other mining and quarrying,"Mining/quarrying of limestone, limeshell, â€˜kankarâ€™ and other calcareous minerals including calcite, chalk and shale",NIC
8108,Other mining and quarrying,"Mining of clays (kaolin, ball clay, wollastonite, bentonite, fullerâ€™s earth, fire clay etc. )",NIC
8109,Other mining and quarrying,"Mining of refractory non-clay minerals (andalusite, kyanite, sillimanite, dunite, diaspore magnesite, diaspore, magnesite)",NIC
8911,Other mining and quarrying,Mining of native sulphur or pyrites and pyrrhotites valued chiefly for sulphur,NIC
8912,Other mining and quarrying,Mining of natural phosphates including apatite minerals,NIC
8913,Other mining and quarrying,Mining of earth colours (ochre including red oxide).,NIC
8914,Other mining and quarrying,Mining of fluorspar,NIC
8915,Other mining and quarrying,Mining of barytes,NIC
8919,Other mining and quarrying,Mining of potash bearing salts/minerals; borate minerals and other fertiliser and chemical minerals n.e.c.,NIC
8920,Other mining and quarrying,Extraction and agglomeration of peat,NIC
8931,Other mining and quarrying,"Salt mining, quarrying, screening etc.",NIC
8932,Other mining and quarrying,Salt production by evaporation of sea water or other saline waters,NIC
8991,Other mining and quarrying,"Mining of gemstones (agate, diamond, emerald, garnet (gem), jasper, rubby/ saphire etc.",NIC
8992,Other mining and quarrying,"Mining and quarrying of abrasive materials (pumice stone, emery, corundum, garnet and other natural abrasives)",NIC
8993,Other mining and quarrying,Mining of mica,NIC
8994,Other mining and quarrying,Mining of natural graphite,NIC
8995,Other mining and quarrying,Mining of asbestos,NIC
8996,Other mining and quarrying,"Mining of vermiculite, perlite and chlorites",NIC
8997,Other mining and quarrying,"Mining of felspar and silica minerals including quartz, quartzite and fuch. Quartzite",NIC
8998,Other mining and quarrying,Mining of talc/ steatite,NIC
8999,Other mining and quarrying,"Mining of laterite, diatomite and silicious fossil meals (e.g. diatomite); and other natural fluxes; natural asphalt or bitumen and other mining n.e.c.",NIC
9101,Mining support service activities,Services incidental to off shore oil extraction,NIC
9102,Mining support service activities,Services incidental to on shore oil extraction,NIC
9103,Mining support service activities,Services incidental to off shore gas extraction,NIC
9104,Mining support service activities,Services incidental to on shore gas extraction,NIC
9900,Mining support service activities,Support activities for other mining and quarrying,NIC
10101,Manufacture of food products,"Mutton-slaughtering, preparation",NIC
10102,Manufacture of food products,"Beef-slaughtering, preparation",NIC
10103,Manufacture of food products,"Pork-slaughtering, preparation",NIC
10104,Manufacture of food products,"Poultry and other slaughtering, preparation",NIC
10105,Manufacture of food products,"Preservation, Processing and canning of meat",NIC
10106,Manufacture of food products,Production of hides and skins originating from slaughterhouses,NIC
10107,Manufacture of food products,Rendering of lard and other edible fats of animal origin,NIC
10108,Manufacture of food products,Production and processing of animal offal,NIC
10109,Manufacture of food products,"Production, processing and preserving of other meat and meat products n.e.c.",NIC
10201,Manufacture of food products,Sun-drying of fish,NIC
10202,Manufacture of food products,Artificial dehydration of fish and sea food,NIC
10203,Manufacture of food products,Radiation preservation of fish and similar food,NIC
10204,Manufacture of food products,Processing and preserving of fish crustacean and similar foods,NIC
10205,Manufacture of food products,Processing and canning of fish,NIC
10206,Manufacture of food products,Processing and canning of frog legs,NIC
10207,Manufacture of food products,Production of fishmeal for human consumption or animal feed,NIC
10209,Manufacture of food products,"Production, processing and preservation of other fish products n.e.c.",NIC
10301,Manufacture of food products,Sun-drying of fruit and vegetables,NIC
10302,Manufacture of food products,Artificial dehydration of fruit and vegetables,NIC
10303,Manufacture of food products,Radiation preservation of fruit and vegetables,NIC
10304,Manufacture of food products,"Manufacture of fruit or vegetable juices and their concentrates, squashes and powder",NIC
10305,Manufacture of food products,"Manufacture of sauces, jams, jellies and marmalades",NIC
10306,Manufacture of food products,"Manufacture of pickles, chutney etc.",NIC
10307,Manufacture of food products,Canning of fruits and vegetables,NIC
10308,Manufacture of food products,Manufacture of potato flour & meals and prepared meals of vegetables,NIC
10309,Manufacture of food products,Preservation of fruit and vegetables n.e.c.,NIC
10401,Manufacture of food products,Manufacture of hydrogenated oil and vanaspati ghee,NIC
10402,Manufacture of food products,Manufacture of vegetable oils and fats excluding corn oil,NIC
10403,Manufacture of food products,Manufacture of edible animal oils and fats,NIC
10404,Manufacture of food products,Manufacture of fish oil,NIC
10405,Manufacture of food products,Manufacture of non-edible animal oil and fats,NIC
10406,Manufacture of food products,"Manufacture of oil cakes & meals incl. residual products, e.g. Oleostearin,Palmstearin",NIC
10407,Manufacture of food products,"Manufacture of non-defatted flour or meals of oilseeds, oilnuts or kernels",NIC
10409,Manufacture of food products,"Manufacture of other vegetable oil, animal oil and fats n.e.c",NIC
10501,Manufacture of food products,Manufacture of pasteurised milk whether or not in bottles/ polythene packs etc. (plain or flavoured),NIC
10502,Manufacture of food products,"Manufacture of milk-powder, ice-cream powder and condensed milk except baby milk food",NIC
10503,Manufacture of food products,Manufacture of baby milk foods,NIC
10504,Manufacture of food products,"Manufacture of cream, butter, cheese, curd, ghee, khoya etc.",NIC
10505,Manufacture of food products,"Manufacture of ice-cream, kulfi etc.",NIC
10509,Manufacture of food products,Manufacture of other dairy products n.e.c.,NIC
10611,Manufacture of food products,Flour milling,NIC
10612,Manufacture of food products,Rice milling,NIC
10613,Manufacture of food products,Dal (pulses) milling,NIC
10614,Manufacture of food products,"Grain milling other than wheat, rice and dal",NIC
10615,Manufacture of food products,"Vegetable milling (production of flour or meal of dried leguminous vegetables(except dal), of roots or tubers, or of edible nuts)",NIC
10616,Manufacture of food products,Manufacture of cereal breakfast foods obtained by roasting or swelling cereal grains,NIC
10617,Manufacture of food products,"Manufacture of flour mixes and prepared blended flour and dough for bread, cakes, biscuits",NIC
10618,Manufacture of food products,"Manufacture of other readymade mixed powders like idli, gulabjamun etc.",NIC
10619,Manufacture of food products,Other grain milling and processing n.e.c.,NIC
10621,Manufacture of food products,"Manufacture of starches from rice, potatoes, maize etc.",NIC
10622,Manufacture of food products,Manufacture of sago and sago products,NIC
10623,Manufacture of food products,"Manufacture of glucose, glucose syrup, maltose etc.",NIC
10624,Manufacture of food products,Manufacture of gluten,NIC
10625,Manufacture of food products,Manufacture of tapioca and tapioca substitutes prepared from starch,NIC
10626,Manufacture of food products,Manufacture of corn oil,NIC
10629,Manufacture of food products,Manufacture of other starch products n.e.c.,NIC
10711,Manufacture of food products,Manufacture of bread,NIC
10712,Manufacture of food products,"Manufacture of biscuits, cakes, pastries, rusks etc.",NIC
10719,Manufacture of food products,Manufacture of other bakery products n.e.c.,NIC
10721,Manufacture of food products,Manufacture or refining of sugar (sucrose) from sugercane,NIC
10722,Manufacture of food products,Manufacture of `gurâ€™ from sugarcane,NIC
10723,Manufacture of food products,Manufacture of `gurâ€™ from other than sugarcane,NIC
10724,Manufacture of food products,Manufacture of `khandsariâ€™ sugar from sugarcane,NIC
10725,Manufacture of food products,Manufacture of `khandsariâ€™ suger from other than sugarcane,NIC
10726,Manufacture of food products,Manufacture of `booraâ€™ and candy from sugarcane,NIC
10727,Manufacture of food products,Manufacture of `booraâ€™ and candy from other than sugarcane,NIC
10728,Manufacture of food products,Manufacture of molasses,NIC
10729,Manufacture of food products,"Manufacture of sugar from other sources (juice of palm, suger beet etc.)",NIC
10731,Manufacture of food products,Manufacture of cocoa products,NIC
10732,Manufacture of food products,Manufacture of chocolate and chocolate confectionery,NIC
10733,Manufacture of food products,Manufacture of sugar confectionery (except sweetmeats),NIC
10734,Manufacture of food products,Manufacture sweetmeats includind dairy based sweetmeats,NIC
10735,Manufacture of food products,Manufacture of chewing gum,NIC
10736,Manufacture of food products,"Preserving in sugar of fruit, nuts, fruit peels and other parts of plants",NIC
10739,Manufacture of food products,"Manufacture of other cocoa, chocolate, sugar confectionery products n.e.c.",NIC
10740,Manufacture of food products,"Manufacture of macaroni, noodles, couscous and similar farinaceous products",NIC
10750,Manufacture of food products,Manufacture of prepared meals and dishes,NIC
10791,Manufacture of food products,Processing and blending of tea including manufacture of instant tea,NIC
10792,Manufacture of food products,"Coffee curing, roasting, grinding blending etc. and manufacturing of coffee products",NIC
10793,Manufacture of food products,Processing of edible nuts,NIC
10794,Manufacture of food products,Manufacture of malted foods including foods for infants and handicapped,NIC
10795,Manufacture of food products,Grinding and processing of spices,NIC
10796,Manufacture of food products,"Manufacture of papads, appalam and similar food products",NIC
10797,Manufacture of food products,"Manufacture of vitaminised high protein flour, frying of dal and other cereals",NIC
10798,Manufacture of food products,"Processing of salt into food-grade salt, e.g. iodized salt",NIC
10799,Manufacture of food products,"Other semi-processed, processed or instant foods n.e.c. except farinaceous products and malted foods and manufacturing activities like manufacture of egg powder, sambar powder etc. (this excludes the activities covered under 10619)",NIC
10801,Manufacture of food products,Manufacture of cattle feed,NIC
10802,Manufacture of food products,Manufacture of poultry feed,NIC
10803,Manufacture of food products,"Manufacture of prepared feeds for pets, including dogs, cats, birds, fish etc.",NIC
10809,Manufacture of food products,Manufacture of other animal feeds n.e.c.,NIC
11011,Manufacture of beverages,"Manufacture of distilled, potable, alcoholic beverages such as whisky, brandy, gin, â€œmixed drinksâ€ etc.",NIC
11012,Manufacture of beverages,Manufacture of country liquor,NIC
11019,Manufacture of beverages,"Distilling, rectifying and blending of spirits",NIC
11020,Manufacture of beverages,Manufacture of wines,NIC
11031,Manufacture of beverages,Manufacture of beer,NIC
11032,Manufacture of beverages,Manufacture of malt liquors other than beer,NIC
11033,Manufacture of beverages,Manufacture of malt,NIC
11039,Manufacture of beverages,Manufacture of malt liquors and malt n.e.c.,NIC
11041,Manufacture of beverages,Manufacture of aerated drinks,NIC
11042,Manufacture of beverages,Manufacture of synthetic flavoured concentrates and syrups,NIC
11043,Manufacture of beverages,Manufacture of mineral water,NIC
11044,Manufacture of beverages,Manufacture of ice,NIC
11045,Manufacture of beverages,Manufacture of soft drinks,NIC
11049,Manufacture of beverages,Manufacture of other non-alcoholic beverages n.e.c.,NIC
12001,Manufacture of tobacco products,Stemming and redrying of tobacco,NIC
12002,Manufacture of tobacco products,Manufacture of bidi,NIC
12003,Manufacture of tobacco products,"Manufacture of cigarettes, cigarette tobacco",NIC
12004,Manufacture of tobacco products,Manufacture of cigars and cheroots,NIC
12005,Manufacture of tobacco products,Manufacture of snuff,NIC
12006,Manufacture of tobacco products,Manufacture of zarda,NIC
12007,Manufacture of tobacco products,Manufacture of catechu(katha) and chewing lime,NIC
12008,Manufacture of tobacco products,Manufacture of pan masala and related products.,NIC
12009,Manufacture of tobacco products,Manufacture of other tobacco products including chewing tobacco n.e.c.,NIC
13111,Manufacture of textiles,Preparation and spinning of cotton fiber including blended* cotton,NIC
13112,Manufacture of textiles,Preparation and spinning of silk fiber including blended* silk,NIC
13113,Manufacture of textiles,"Preparation and spinning of wool, including other animal hair and blended* wool including other animal hair",NIC
13114,Manufacture of textiles,Preparation and spinning of man-made fiber including blended* man-made fiber,NIC
13119,Manufacture of textiles,"Preparation and spinning of jute, mesta and other natural fibers including blended natural fibers n.e.c. *Blended yarn/fabrics means, yarn/fabrics containing more than 50% of one fiber.",NIC
13121,Manufacture of textiles,"Weaving, manufacture of cotton and cotton mixture fabrics.",NIC
13122,Manufacture of textiles,"Weaving, manufacture of silk and silk mixture fabrics.",NIC
13123,Manufacture of textiles,"Weaving, manufacture of wool and wool mixture fabrics.",NIC
13124,Manufacture of textiles,"Weaving, manufacturing of man-made fiber and man-made mixture fabrics.",NIC
13129,Manufacture of textiles,"Weaving of jute, mesta and other natural fibers including blended natural fibers n.e.c.",NIC
13131,Manufacture of textiles,Finishing of cotton and blended cotton textiles.,NIC
13132,Manufacture of textiles,Finishing of silk and blended silk textiles.,NIC
13133,Manufacture of textiles,Finishing of wool and blended wool textiles.,NIC
13134,Manufacture of textiles,Finishing of man-made and blended man-made textiles.,NIC
13135,Manufacture of textiles,"Finishing of jute, mesta and other vegetable textiles fabrics",NIC
13136,Manufacture of textiles,Activity related to screen printing,NIC
13139,Manufacture of textiles,Other activities relating to finishing of textile n.e.c.,NIC
13911,Manufacture of textiles,Manufacture of knitted and crocheted cotton fabrics,NIC
13912,Manufacture of textiles,Manufacture of knitted and crocheted woolen fabrics,NIC
13913,Manufacture of textiles,Manufacture of knitted and crocheted synthetic fabrics,NIC
13919,Manufacture of textiles,Manufacture of other knitted and crocheted fabrics,NIC
13921,Manufacture of textiles,"Manufacture of curtains, bed covers and furnishings",NIC
13922,Manufacture of textiles,Manufacture of crocheted made up textile goods except apparel,NIC
13923,Manufacture of textiles,Manufacture of mosquito nets,NIC
13924,Manufacture of textiles,"Manufacture of bedding, quilts pillows, sleeping bags etc.",NIC
13925,Manufacture of textiles,Manufacture of tarpaulin,NIC
13926,Manufacture of textiles,Manufacture of blankets,NIC
13929,Manufacture of textiles,"Manufacture of other made-up textile articles, except apparel n.e.c.",NIC
13931,Manufacture of textiles,Manufacture of carpets and other floor coverings made of cotton,NIC
13932,Manufacture of textiles,Manufacture of carpets and other floor coverings made of wool,NIC
13933,Manufacture of textiles,Manufacture of carpets and other floor coverings made of silk,NIC
13934,Manufacture of textiles,Manufacture of carpets made of synthetic materials,NIC
13935,Manufacture of textiles,"Manufacture of carpets, and other floor coverings made of jute, mesta and coir",NIC
13939,Manufacture of textiles,Manufacture of other floor coverings n.e.c.,NIC
13941,Manufacture of textiles,"Manufacture of thread, including thread ball making",NIC
13942,Manufacture of textiles,Manufacture of cordage or rope made of jute,NIC
13943,Manufacture of textiles,Manufacture of cordage or rope made of coir,NIC
13944,Manufacture of textiles,Manufacture of rope and cordage made of synthetic material,NIC
13945,Manufacture of textiles,"Manufacture of knotted netting of twine, cordage or rope (other than mosquito net)",NIC
13946,Manufacture of textiles,"Manufacture of tapes, newar and wicks",NIC
13949,Manufacture of textiles,Manufacture of other cordage or rope n.e.c.,NIC
13991,Manufacture of textiles,Embroidery work and making of laces and fringes,NIC
13992,Manufacture of textiles,Zari work and other ornamental trimmings,NIC
13993,Manufacture of textiles,Manufacture of linolium and similar products,NIC
13994,Manufacture of textiles,Manufacture of gas mantles,NIC
13995,Manufacture of textiles,"Manufacture of made-up canvas goods such tents, sails etc.",NIC
13996,Manufacture of textiles,Manufacture of wadding of textile materials and articles of wadding such as sanitary napkins and tampoons,NIC
13997,Manufacture of textiles,"Manufacture of metallised yarn or gimped yarn, rubber thread or cord covered with textile material, textile yarn or strip impregnated, covered or sheathed with rubber or plastic",NIC
13998,Manufacture of textiles,Manufacture of waterproof textile excluding tarpulin,NIC
13999,Manufacture of textiles,Manufacture of other textiles/textile products n.e.c.,NIC
14101,Manufacture of wearing apparel,Manufacture of all types of textile garments and clothing accessories,NIC
14102,Manufacture of wearing apparel,Manufacture of rain coats of waterproof textile fabrics or plastic sheetings,NIC
14103,Manufacture of wearing apparel,"Manufacture of hats, caps and other clothing accessories such as gloves, belts, ties, cravats, hairnets etc.",NIC
14104,Manufacture of wearing apparel,Manufacture of wearing apparel made of leather and substitutes of leather,NIC
14105,Manufacture of wearing apparel,Custom tailoring,NIC
14109,Manufacture of wearing apparel,Manufacture of wearing apparel n.e.c.,NIC
14201,Manufacture of wearing apparel,Manufacture of wearing apparel and clothing accessories made of fur,NIC
14202,Manufacture of wearing apparel,Manufacture of fur and skin rugs and other similar articles,NIC
14209,Manufacture of wearing apparel,Manufacture of other fur products n.e.c.,NIC
14301,Manufacture of wearing apparel,"Manufacture of knitted or crocheted wearing apparel and other made-up articles directly into shape (pullovers, cardigans, jerseys, waistcoats and similar articles)",NIC
14309,Manufacture of wearing apparel,Manufacture of other knitted and crocheted apparel including hosiery,NIC
15111,Manufacture of leather and related products,Flaying and curing of raw hides and skins,NIC
15112,Manufacture of leather and related products,Tanning and finishing of sole leather,NIC
15113,Manufacture of leather and related products,Tanning and finishing of industrial leather,NIC
15114,Manufacture of leather and related products,"Scraping, currying, tanning, bleaching, shearing and plucking and dyeing of fur skins and hides with the hair on",NIC
15115,Manufacture of leather and related products,"Finishing of upper leather, lining leather and garment leather etc.",NIC
15116,Manufacture of leather and related products,Embroidering and embossing of leather articles,NIC
15119,Manufacture of leather and related products,"Other tanning, curing, finishing, embossing etc. of leather",NIC
15121,Manufacture of leather and related products,"Manufacture of travel goods like suitcase, bags, holdalls etc.",NIC
15122,Manufacture of leather and related products,"Manufacture of purse, ladiesâ€™ handbags, artistic leather presented articles and novelties",NIC
15123,Manufacture of leather and related products,Manufacture of saddlery and harness,NIC
15129,Manufacture of leather and related products,Manufacture of other consumer goods of leather and substitutes of leather n.e.c.,NIC
15201,Manufacture of leather and related products,"Manufacture of leather footwear such as shoes, sandals, chappals, leather- cum-rubber/plastic cloth sandles and chappals",NIC
15202,Manufacture of leather and related products,Manufacture of footwear made primarily of vulcalized or moulded rubber and plastic.,NIC
15209,Manufacture of leather and related products,Manufacture of other footwear n.e.c.,NIC
16101,"Manufacture of wood and products of wood and cork, except furniture; manufacture of articles of straw and plaiting materials",Sawing and planing of wood,NIC
16102,"Manufacture of wood and products of wood and cork, except furniture; manufacture of articles of straw and plaiting materials",Manufacture of unassembled wooden flooring including parquet flooring,NIC
16103,"Manufacture of wood and products of wood and cork, except furniture; manufacture of articles of straw and plaiting materials",Manufacture of wooden railway sleepers,NIC
16109,"Manufacture of wood and products of wood and cork, except furniture; manufacture of articles of straw and plaiting materials",Activities related to saw milling and planing of wood n.e.c.,NIC
16211,"Manufacture of wood and products of wood and cork, except furniture; manufacture of articles of straw and plaiting materials",Manufacture of ply wood and veneer sheets,NIC
16212,"Manufacture of wood and products of wood and cork, except furniture; manufacture of articles of straw and plaiting materials",Manufacture of particle board and fibreboard including densified wood,NIC
16213,"Manufacture of wood and products of wood and cork, except furniture; manufacture of articles of straw and plaiting materials",Manufacture of flush doors and other boards or panels,NIC
16219,"Manufacture of wood and products of wood and cork, except furniture; manufacture of articles of straw and plaiting materials",Manufacture of other plywood products n.e.c.,NIC
16221,"Manufacture of wood and products of wood and cork, except furniture; manufacture of articles of straw and plaiting materials","Manufacture of structural wooden goods [intended to be used primarily in the construction industry such as beams, rafters, roof struts, glue-laminated and metal connected, prefabricated wooden roof trusses, doors, windows, shutters and their frames,",NIC
16222,"Manufacture of wood and products of wood and cork, except furniture; manufacture of articles of straw and plaiting materials","Manufacture of prefabricated buildings, or elements thereof, predominantly of wood",NIC
16229,"Manufacture of wood and products of wood and cork, except furniture; manufacture of articles of straw and plaiting materials",Manufacture of buildersâ€™ carpentry and joinery n.e.c.,NIC
16231,"Manufacture of wood and products of wood and cork, except furniture; manufacture of articles of straw and plaiting materials","Manufacture of wooden boxes, barrels, vats, tubs, packing cases etc.",NIC
16232,"Manufacture of wood and products of wood and cork, except furniture; manufacture of articles of straw and plaiting materials",Manufacture of plywood chests,NIC
16233,"Manufacture of wood and products of wood and cork, except furniture; manufacture of articles of straw and plaiting materials","Manufacture of market basketry, grain storage bins and similar products made of bamboo or reed",NIC
16239,"Manufacture of wood and products of wood and cork, except furniture; manufacture of articles of straw and plaiting materials","Manufacture of other wooden containers and products entirely or mainly of cane, rattan, bamboo, willow, fibre, leaves and grass n.e.c.",NIC
16291,"Manufacture of wood and products of wood and cork, except furniture; manufacture of articles of straw and plaiting materials",Manufacture of wooden industrial goods,NIC
16292,"Manufacture of wood and products of wood and cork, except furniture; manufacture of articles of straw and plaiting materials",Manufacture of cork and cork products,NIC
16293,"Manufacture of wood and products of wood and cork, except furniture; manufacture of articles of straw and plaiting materials",Manufacture of wooden agricultural implements,NIC
16294,"Manufacture of wood and products of wood and cork, except furniture; manufacture of articles of straw and plaiting materials","Manufacture of various articles made of bamboo, cane and grass",NIC
16295,"Manufacture of wood and products of wood and cork, except furniture; manufacture of articles of straw and plaiting materials",Manufacture of broomsticks,NIC
16296,"Manufacture of wood and products of wood and cork, except furniture; manufacture of articles of straw and plaiting materials","Manufacture of articles made of palm leaf, dhak leaf, screw-pine leaf and khajoor leaf; articles of vegetables fibre etc,.",NIC
16297,"Manufacture of wood and products of wood and cork, except furniture; manufacture of articles of straw and plaiting materials",Manufacture of products of pith and shalapith,NIC
16299,"Manufacture of wood and products of wood and cork, except furniture; manufacture of articles of straw and plaiting materials",Manufacture of other wood products n.e.c.,NIC
17011,Manufacture of paper and paper products,Manufacture of pulp,NIC
17012,Manufacture of paper and paper products,Manufacture of news print,NIC
17013,Manufacture of paper and paper products,Manufacture of paper and paper rolls not further processed,NIC
17014,Manufacture of paper and paper products,Manufacture of packing paper,NIC
17015,Manufacture of paper and paper products,Manufacture of other special purpose paper (excluding computer stationary),NIC
17016,Manufacture of paper and paper products,"Manufacture of paper board, straw board",NIC
17017,Manufacture of paper and paper products,Manufacture of hard board including false board and chip board,NIC
17019,Manufacture of paper and paper products,Manufacture of other primary paper materials including composite paper and paper board n.e.c.,NIC
17021,Manufacture of paper and paper products,Manufacture of corrugated paper and paperboard,NIC
17022,Manufacture of paper and paper products,Manufacture of corrugated paper board containers,NIC
17023,Manufacture of paper and paper products,Manufacture of card board boxes,NIC
17024,Manufacture of paper and paper products,Manufacture of sacks and bags of paper,NIC
17029,Manufacture of paper and paper products,Manufacture of other containers of paper and paperboard n.e.c.,NIC
17091,Manufacture of paper and paper products,Manufacture of computer paper,NIC
17092,Manufacture of paper and paper products,"Manufacture of paper cups, saucers, plates, hoops, cones and other similar products",NIC
17093,Manufacture of paper and paper products,"Manufacture of printing, writing and photocopying paper ready for use",NIC
17094,Manufacture of paper and paper products,Manufacture of paper pulp articles other than containers (such as egg trays),NIC
17095,Manufacture of paper and paper products,"Manufacture of file cover/file boards, and similar articles.",NIC
17096,Manufacture of paper and paper products,Manufacture of wall paper,NIC
17097,Manufacture of paper and paper products,Manufacture of carbon paper & stationary items,NIC
17099,Manufacture of paper and paper products,Manufacture of other paper products n.e.c.,NIC
18111,Printing and reproduction of recorded media,Printing of newspapers,NIC
18112,Printing and reproduction of recorded media,"Printing of magazines and other periodicals, books and brochures, maps, atlases, posters etc.",NIC
18113,Printing and reproduction of recorded media,"Printing of postage stams, taxation stamps, cheques and other security papers",NIC
18114,Printing and reproduction of recorded media,"Printing of bank notes, currency notes",NIC
18115,Printing and reproduction of recorded media,"Printing directly onto textiles, flexographic plastic, glass, metal, wood and ceramics",NIC
18119,Printing and reproduction of recorded media,Other printing activities like screen printing other than textile n.e.c.,NIC
18121,Printing and reproduction of recorded media,Book and other similar sheet binding on account of others,NIC
18122,Printing and reproduction of recorded media,"Engraving, etching and block making etc.",NIC
18129,Printing and reproduction of recorded media,Other service activities related to printing n.e.c.,NIC
18200,Printing and reproduction of recorded media,Reproduction of recorded media,NIC
19101,Manufacture of coke and refined petroleum products,Production of coke and semi-coke products,NIC
19109,Manufacture of coke and refined petroleum products,"Manufacture of other coke oven products such as gas, crude coal and lignite tars etc.",NIC
19201,Manufacture of coke and refined petroleum products,"Production of liquid and gaseous fuels, illuminating oils, lubricating oils or greases or other products from crude petroleum or bituminous minerals",NIC
19202,Manufacture of coke and refined petroleum products,Manufacture of paraffin wax,NIC
19203,Manufacture of coke and refined petroleum products,Bottling of LPG/CNG,NIC
19204,Manufacture of coke and refined petroleum products,Manufacture of hard-coal and lignite fuel briquettes,NIC
19209,Manufacture of coke and refined petroleum products,"Manufacture of other petroleum n.e.c. (includes manufacture of petroleum jelly, micro-crystalline petroleum wax, slack wax, ozokerite, lignite wax, petroleum coke, petroleum bitumen and other residues of petroleum oils)",NIC
20111,Manufacture of chemicals and chemical products,"Manufacture of liquefied or compressed inorganic industrial or medical gases (elemental gases, liquid or compressed air, refrigerant gases, mixed industrial gases etc.)",NIC
20112,Manufacture of chemicals and chemical products,Manufacture of inorganic acids except nitric acid,NIC
20113,Manufacture of chemicals and chemical products,Manufacture of tanning or dying extracts; tannings and their derivatives and colouring matter (including manufacture of indigo),NIC
20114,Manufacture of chemicals and chemical products,Manufacture of dyes and pigments from any source in basic form or as concentrate,NIC
20115,Manufacture of chemicals and chemical products,Manufacture of turpentine and resins of vegetable origin,NIC
20116,Manufacture of chemicals and chemical products,Manufacture of basic chemical elements,NIC
20117,Manufacture of chemicals and chemical products,Manufacture of distilled water,NIC
20118,Manufacture of chemicals and chemical products,Manufacture of synthetic aromatic products,NIC
20119,Manufacture of chemicals and chemical products,Manufacture of organic and inorganic chemical compounds n.e.c.,NIC
20121,Manufacture of chemicals and chemical products,Manufacture of urea and other organic fertilizers,NIC
20122,Manufacture of chemicals and chemical products,"Manufacture of straight mixed, compound or complex inorganic fertilizers",NIC
20123,Manufacture of chemicals and chemical products,"Manufacture of associated nitrogen products (nitric and sulphonitric acids, ammonia, ammonium chloride, ammonium carbonate, nitrites and nitrates of potassium)",NIC
20129,Manufacture of chemicals and chemical products,Manufacture of other fertilizers n.e.c.,NIC
20131,Manufacture of chemicals and chemical products,"Manufacture of plastic in primary forms (includes amino-resins, polyurethanes etc.)",NIC
20132,Manufacture of chemicals and chemical products,Manufacture of synthetic rubber in primary forms,NIC
20133,Manufacture of chemicals and chemical products,Manufacture of mixture of synthetic and natural or rubber like gums,NIC
20203,Manufacture of chemicals and chemical products,"Manufacture of synthetic or artificial filament yarn, tenacity yarn whether or not textured including high tenacity yarn",NIC
20211,Manufacture of chemicals and chemical products,"Manufacture of insecticides, rodenticides, fungicides, herbicides",NIC
20212,Manufacture of chemicals and chemical products,Manufacture of disinfectants (for agricultural and other use),NIC
20213,Manufacture of chemicals and chemical products,"Manufacture of anti-sprouting products, plant growth regulators",NIC
20219,Manufacture of chemicals and chemical products,Manufacture of other agrochemical products n.e.c.,NIC
20221,Manufacture of chemicals and chemical products,"Manufacture of paints and varnishes, enamels or lacquers",NIC
20222,Manufacture of chemicals and chemical products,"Manufacture of prepared pigments, prepared opacifiers and prepared colours, vitrifiable enamels and glazes engobes and similar preparations of a kind used in the ceramic, enamelling or glass industry",NIC
20223,Manufacture of chemicals and chemical products,Manufacture of printing ink,NIC
20224,Manufacture of chemicals and chemical products,Manufacture of prepared pigments and other colouring matter of a kind used in the manufacture of paints or by artists or other painters,NIC
20229,Manufacture of chemicals and chemical products,"Manufacture of caulking compounds and similar non-refractory filling or surfacing preparations, mastics, prepared paint or varnish removers, organic composite solvents and thinners and other related products n.e.c.",NIC
20231,Manufacture of chemicals and chemical products,Manufacture of soap all forms,NIC
20232,Manufacture of chemicals and chemical products,"Manufacture of cleaning and polishing products (preparations for perfuming or deodorizing rooms; artificial waxes and prepared waxes; polishes and creams for leather, wood, glass, metal etc.; scouring pastes and powders, including paper, wadding etc.)",NIC
20233,Manufacture of chemicals and chemical products,Manufacture of detergent and similar washing agents excluding soap,NIC
20234,Manufacture of chemicals and chemical products,Manufacture of perfumes and cologne de-eau,NIC
20235,Manufacture of chemicals and chemical products,"Manufacture of preparations for oral or dental hygiene (includes manufacture of toothpastes, toothpowder, mouthwash, oral, perfumes, dental fixative pastes and powders etc.)",NIC
20236,Manufacture of chemicals and chemical products,"Manufacture of hair oil, shampoo, hair dye etc. (includes manufacture of shampoos, hair sprays, hair fixers, hair oils, hair creams, hair dyes and bleaches and preparations for permanent waving or straightening of the hair etc.)",NIC
20237,Manufacture of chemicals and chemical products,"Manufacture of cosmetics and toileteries (includes manufacture of pre- shave, shaving or after shave preparations; personal deodorants and anti- respirants; perfumed bath salts and other bath preparations; beauty )",NIC
20238,Manufacture of chemicals and chemical products,Manufacture of â€œagarbattiâ€ and other preparations which operate by burning,NIC
20239,Manufacture of chemicals and chemical products,Manufacture of other perfumes and toilet preparations n.e.c.,NIC
20291,Manufacture of chemicals and chemical products,Manufacture of matches,NIC
20292,Manufacture of chemicals and chemical products,"Manufacture of explosives, ammunition and fire works",NIC
20293,Manufacture of chemicals and chemical products,"Manufacture of essential oils; modification by chemical processes of oils and fats (e.g. by oxidation, polymerization etc.)",NIC
20294,Manufacture of chemicals and chemical products,"Manufacture of photographic plates, films, sensitized paper and other sensitized unexposed materials,chemical preparations for photographic uses",NIC
20295,Manufacture of chemicals and chemical products,"Manufacture of gelatine and its derivatives, resinoids, glues, prepared adhesives, including rubber-based glues and adhesives",NIC
20296,Manufacture of chemicals and chemical products,Manufacture of chemical elements and compounds doped for use in electronics,NIC
20297,Manufacture of chemicals and chemical products,"Manufacture of chemical products or preparations of a kind used in the textiles, paper, leather and like industries",NIC
20299,Manufacture of chemicals and chemical products,"Manufacture of various other chemical products n.e.c.(antiknock preparations, anti-freeze preparations, liquids for hydraulic transmission, composite diagnostic or laboratory reagents, writing or drawing ink)",NIC
20301,Manufacture of chemicals and chemical products,Manufacture of synthetic or artificial filament tow,NIC
20302,Manufacture of chemicals and chemical products,Manufacture of synthetic or artificial filament staple fibre not textured,NIC
20304,Manufacture of chemicals and chemical products,Manufacture of synthetic or artificial mono-filament or strip,NIC
21001,"Manufacture of pharmaceuticals, medicinal chemical and botanical products","Manufacture of medicinal substances used in the manufacture of pharmaceuticals: antibiotics, endocrine products, basic vitamins; opium derivatives; sulpha drugs; serums and plasmas; salicylic acid, its salts and esters; glycosides and vegetable alkaloids;",NIC
21002,"Manufacture of pharmaceuticals, medicinal chemical and botanical products",Manufacture of allopathic pharmaceutical preparations,NIC
21003,"Manufacture of pharmaceuticals, medicinal chemical and botanical products",Manufacture of `ayurvedicâ€™ or `unaniâ€™ pharmaceutical preparation,NIC
21004,"Manufacture of pharmaceuticals, medicinal chemical and botanical products",Manufacture of homoeopathic or biochemic pharmaceutical preparations,NIC
21005,"Manufacture of pharmaceuticals, medicinal chemical and botanical products",Manufacture of veterinary preparations,NIC
21006,"Manufacture of pharmaceuticals, medicinal chemical and botanical products","Manufacture of medical impregnated wadding, gauze, bandages, dressings, surgical gut string etc.",NIC
21009,"Manufacture of pharmaceuticals, medicinal chemical and botanical products",Manufacture of other pharmaceutical and botanical products n.e.c. like hina powder etc.,NIC
22111,Manufacture of rubber and plastics products,"Manufacture of rubber tyres and tubes for motor vehicles, motorcycles, scooters, three-wheelers, tractors and aircraft",NIC
22112,Manufacture of rubber and plastics products,Manufacture of rubber tyres and tubes for cycles and cycle-rickshaws,NIC
22113,Manufacture of rubber and plastics products,Retreading of tyres; replacing or rebuilding of tread on used pneumatic tyres,NIC
22119,Manufacture of rubber and plastics products,Manufacture of rubber tyres and tubes n.e.c.,NIC
22191,Manufacture of rubber and plastics products,"Manufacture of rubber plates, sheets, strips, rods, tubes, pipes, hoses and profile -shapes etc.",NIC
22192,Manufacture of rubber and plastics products,Manufacture of rubber conveyor or transmission belts or belting,NIC
22193,Manufacture of rubber and plastics products,Manufacture of rubber contraceptives,NIC
22194,Manufacture of rubber and plastics products,Manufacture of rubber balloons,NIC
22199,Manufacture of rubber and plastics products,Manufacture of other rubber products n.e.c.,NIC
22201,Manufacture of rubber and plastics products,"Manufacture of semi-finished of plastic products (plastic plates, sheets, blocks, film, foil, strip etc.)",NIC
22202,Manufacture of rubber and plastics products,"Manufacture of tableware, kitchenware and other household articles and toilet articles of plastic, including manufacture of vacuum flasks and other vacuum vessels",NIC
22203,Manufacture of rubber and plastics products,"Manufacture of plastic articles for the packing of goods (plastic bags, sacks, containers, boxes, cases, carboys, bottles etc.)",NIC
22204,Manufacture of rubber and plastics products,"Manufacture of bathing tubs, wash-basins, lavatory pans and covers, flushing cisterns and similar sanitary-ware of plastics",NIC
22205,Manufacture of rubber and plastics products,"Manufacture of travel goods of plastics (suitcase, vanity bags, holdalls and similar articles)",NIC
22206,Manufacture of rubber and plastics products,Manufacture of spectacle frames of plastic,NIC
22207,Manufacture of rubber and plastics products,Manufacture of moulded industrial accessories of plastics [including electrical insulating fittings of plastics],NIC
22208,Manufacture of rubber and plastics products,Manufacture of polymer/ synthetic / PVC water storage tanks,NIC
22209,Manufacture of rubber and plastics products,Manufacture of other plastics products n.e.c.,NIC
23101,Manufacture of other non-metallic mineral products,"Manufacture of glass in primary or semi-manufactured forms (such as sheets & plate glass) including mirror sheets and wired, coloured, tinted, toughened or laminated glass",NIC
23102,Manufacture of other non-metallic mineral products,"Manufacture of glass fibre (including glass-wool) and yarn of glass fibre; nonwoven glass fabrics, mats, boards and similar non-woven products",NIC
23103,Manufacture of other non-metallic mineral products,"Manufacture of hollow glassware (bottles, jars etc.) for the conveyance or packing of goods",NIC
23104,Manufacture of other non-metallic mineral products,Manufacture of laboratory or pharmaceutical glassware,NIC
23105,Manufacture of other non-metallic mineral products,Manufacture of table or kitchen glassware,NIC
23106,Manufacture of other non-metallic mineral products,Manufacture of glass bangles,NIC
23107,Manufacture of other non-metallic mineral products,Manufacture of glass decoration pieces and glassware used in imitation jewellery,NIC
23109,Manufacture of other non-metallic mineral products,"Manufacture of other glassware/glass products: articles of glass used in construction such as glass blocks; clock or watch glasses, optical glass and optical glass elements not optically worked; and other glass products (including glass beads) n.e.c.",NIC
23911,Manufacture of other non-metallic mineral products,"Manufacture of refractory mortars, concretes etc.",NIC
23912,Manufacture of other non-metallic mineral products,"Manufacture of refractory bricks, blocks tiles and similar refractory ceramic constructional goods",NIC
23913,Manufacture of other non-metallic mineral products,Manufacture of refractory ceramic products,NIC
23919,Manufacture of other non-metallic mineral products,Manufacture of other refractory articles n.e.c.,NIC
23921,Manufacture of other non-metallic mineral products,Manufacture of bricks,NIC
23922,Manufacture of other non-metallic mineral products,"Manufacture of non-refractory ceramic sanitary wares: sinks, baths, water- closet pans, flushing cistern etc.",NIC
23923,Manufacture of other non-metallic mineral products,"Manufacture of non-refractory ceramic pipes, conduits, guttering and pipe fittings",NIC
23929,Manufacture of other non-metallic mineral products,Manufacture of other clay building materials,NIC
23931,Manufacture of other non-metallic mineral products,"Manufacture of articles of porcelain or china, earthenware, imitation porcelain or common pottery, including earthen statues",NIC
23932,Manufacture of other non-metallic mineral products,Manufacture of ceramic tableware and other domestic or toilet articles,NIC
23933,Manufacture of other non-metallic mineral products,Manufacture of statuettes and other ornamental ceramic articles,NIC
23934,Manufacture of other non-metallic mineral products,Manufacture of electrical insulators and insulating fittings of ceramics,NIC
23935,Manufacture of other non-metallic mineral products,"Manufacture of ceramic laboratory, chemical and industrial products",NIC
23939,Manufacture of other non-metallic mineral products,Manufacture of ceramic products n.e.c.,NIC
23941,Manufacture of other non-metallic mineral products,Manufacture of clinkers and cement,NIC
23942,Manufacture of other non-metallic mineral products,"Manufacture of portland cement, aluminous cement, slag cement and similar hydraulic cement",NIC
23943,Manufacture of other non-metallic mineral products,Manufacture of asbestos cement,NIC
23944,Manufacture of other non-metallic mineral products,"Manufacture of quicklime, slaked lime and hydraulic lime (excluding chewing lime)",NIC
23945,Manufacture of other non-metallic mineral products,Manufacture of plasters of calcined gypsum or calcined sulphate,NIC
23949,Manufacture of other non-metallic mineral products,Manufacture of other cement and plaster n.e.c.,NIC
23951,Manufacture of other non-metallic mineral products,Manufacture of plaster statues and other plaster products,NIC
23952,Manufacture of other non-metallic mineral products,"Manufacture of articles articles of concrete, cement or artificial stone (tiles, bricks etc.)",NIC
23953,Manufacture of other non-metallic mineral products,Manufacture of asbestos sheets,NIC
23954,Manufacture of other non-metallic mineral products,Manufacture of R.C.C. bricks and blocks,NIC
23955,Manufacture of other non-metallic mineral products,Manufacture of hume pipes and other pre-fabricated structural components of cement and/or concrete for building or civil engineering,NIC
23956,Manufacture of other non-metallic mineral products,"Manufacture of insulation boards of vegetable fibre, straw or wood waste, agglomerated with cement & other mineral binders.",NIC
23959,Manufacture of other non-metallic mineral products,Manufacture of other cement and asbestos cement products n.e.c.,NIC
23960,Manufacture of other non-metallic mineral products,"Cutting, shaping and finishing of stone",NIC
23991,Manufacture of other non-metallic mineral products,Manufacture of worked mica and mica products,NIC
23992,Manufacture of other non-metallic mineral products,Manufacture of gypsum boards,NIC
23993,Manufacture of other non-metallic mineral products,"Manufacture of millstones, sharpening or polishing stones and natural or artificial abrasive products, including abrasive powder or grain on a base of textile material, paper, paper board or other material",NIC
23994,Manufacture of other non-metallic mineral products,Manufacture of graphite products other than electrical articles,NIC
23999,Manufacture of other non-metallic mineral products,Manufacture of other non-metallic mineral products n.e.c.,NIC
24101,Manufacture of basic metals,"Manufacture of pig iron and spiegeleisen in pigs, blocks or other primary forms",NIC
24102,Manufacture of basic metals,Manufacture of direct reduction of iron (sponge iron) and other spongy ferrous products,NIC
24103,Manufacture of basic metals,"Manufacture of steel in ingots or other primary forms, and other semi- finished products of steel",NIC
24104,Manufacture of basic metals,Manufacture of ferro-alloys,NIC
24105,Manufacture of basic metals,Manufacture of hot-rolled and cold-rolled products of steel,NIC
24106,Manufacture of basic metals,Manufacture of tube and tube fittings of basic iron and steel,NIC
24107,Manufacture of basic metals,Manufacture of railway track materials (unassembled rails) of steel,NIC
24108,Manufacture of basic metals,Manufacture of wire of steel by cold drawing or stretching,NIC
24109,Manufacture of basic metals,Manufacture of other basic iron and steel n.e.c,NIC
24201,Manufacture of basic metals,"Manufacture of Copper from ore, and other copper products and alloys",NIC
24202,Manufacture of basic metals,Manufacture of Aluminium from alumina and by other methods and products of aluminium and alloys,NIC
24203,Manufacture of basic metals,"Manufacturing of lead, zinc and tin products and alloys",NIC
24204,Manufacture of basic metals,"Manufacturing of chrome, manganese and nickel products alloys",NIC
24205,Manufacture of basic metals,"Production and refining of precious metals (such as gold, silver platinum etc.) and alloys",NIC
24209,Manufacture of basic metals,Manufacture of other non-ferrous metals n.e.c.,NIC
24311,Manufacture of basic metals,"Manufacture of tubes, pipes and hollow profiles and of tube or pipe fittings of cast-iron/cast-steel",NIC
24319,Manufacture of basic metals,Manufacture of other iron and steel casting and products thereof,NIC
24320,Manufacture of basic metals,Casting of non-ferrous metals,NIC
25111,"Manufacture of fabricated metal products, except machinery and equipment","Manufacture of doors, windows and their frames, shutters and rolling shutters, gates and similer articles used on buildings",NIC
25112,"Manufacture of fabricated metal products, except machinery and equipment","Manufacture of metal frameworks or skeletons for construction and parts thereof ((towers, masts, trusses, bridges etc.)",NIC
25113,"Manufacture of fabricated metal products, except machinery and equipment","Manufacture of industrial frameworks in metal (frameworks for blast furnaces, lifting and handling equipment etc.)",NIC
25119,"Manufacture of fabricated metal products, except machinery and equipment",Manufacture of other structural metal products,NIC
25121,"Manufacture of fabricated metal products, except machinery and equipment",Manufacture of metal containers for compressed or liquefied gas,NIC
25122,"Manufacture of fabricated metal products, except machinery and equipment","Manufacture of metal reservoirs, tanks and similar containers",NIC
25123,"Manufacture of fabricated metal products, except machinery and equipment",Manufacture of central heating boilers and radiators and parts and accessories thereof,NIC
25129,"Manufacture of fabricated metal products, except machinery and equipment",Manufacture of other containers n.e.c.,NIC
25131,"Manufacture of fabricated metal products, except machinery and equipment",Manufacture of steam or other vapour generating boilers and hot water boilers other than central heating boilers,NIC
25132,"Manufacture of fabricated metal products, except machinery and equipment","Manufacture of nuclear reactors, except isotope separators",NIC
25133,"Manufacture of fabricated metal products, except machinery and equipment","Manufacture of auxiliary plant for use with steam generators (condensers, economizers, superheaters, steam collectors and accumulators)",NIC
25139,"Manufacture of fabricated metal products, except machinery and equipment","Manufacture of other steam generators (except central heating hot water boilers), n.e.c.",NIC
25200,"Manufacture of fabricated metal products, except machinery and equipment",Manufacture of weapons and ammunition,NIC
25910,"Manufacture of fabricated metal products, except machinery and equipment","Forging, pressing, stamping and roll-forming of metal; powder metallurgy",NIC
25920,"Manufacture of fabricated metal products, except machinery and equipment",Machining; treatment and coating of metals,NIC
25931,"Manufacture of fabricated metal products, except machinery and equipment","Manufacture of cutlery such as knives, forks, spoons, cleavers, choppers, razors, razor blades, scissors, hair clippers etc.",NIC
25932,"Manufacture of fabricated metal products, except machinery and equipment",Manufacture of hand tools (non-power-driven) for agricultural/horticulture/ forestry,NIC
25933,"Manufacture of fabricated metal products, except machinery and equipment","Manufacture of hand tools such as pliers, screwdrivers, press tools, blacksmithsâ€™ tools, drills, punches, milling cutters etc.",NIC
25934,"Manufacture of fabricated metal products, except machinery and equipment","Manufacture of padlocks, locks, keys, hinges and the like, hardware for buildings, furniture, vehicles etc.",NIC
25939,"Manufacture of fabricated metal products, except machinery and equipment","Manufacture of general hardware (saws and sawblades, including circular sawblades and chainsaw blades, moulding boxes, vices, clamps etc.)",NIC
25991,"Manufacture of fabricated metal products, except machinery and equipment","Manufacture of metal fasteners (nails, rivets, tacks, pins, staples, washers and similar non-threaded products and nuts, bolts, screws and other threaded products)",NIC
25992,"Manufacture of fabricated metal products, except machinery and equipment",Manufacture of containers such as tins and cans for food products and boxes,NIC
25993,"Manufacture of fabricated metal products, except machinery and equipment",Manufacture of metal cable and other articles made of wire (except for electric transmission),NIC
25994,"Manufacture of fabricated metal products, except machinery and equipment","Manufacture of metal household articles (plates, saucers, pots, kettles, saucepans, frying pans and other non-electrical utensils, small hand-operated kitchen appliances and accessories)",NIC
25995,"Manufacture of fabricated metal products, except machinery and equipment","Manufacture of metal sanitaryware such as baths, sinks, washbasins and similar articles",NIC
25996,"Manufacture of fabricated metal products, except machinery and equipment","Manufacture of reinforced safes, vaults, strongroom doors, gates and metal goods for office use (other than office furniture) and other purposes",NIC
25999,"Manufacture of fabricated metal products, except machinery and equipment",Manufacture of other fabricated metal products n.e.c.,NIC
26101,"Manufacture of computer, electronic and optical products","Manufacture of electronic capacitors, resistors, chokes, coils, trasformers (electronic) and similar components",NIC
26102,"Manufacture of computer, electronic and optical products","Manufacture of electron tubes, diodes, transistors and related discrete devices",NIC
26103,"Manufacture of computer, electronic and optical products","Manufacture of integrated circuits (analog, digital or hybrid)",NIC
26104,"Manufacture of computer, electronic and optical products","Manufacture of bare printed circuit boards, loading of components onto printed circuit boards; manufacture of interface cards (e.g. sound, video, controllers, network, modems)",NIC
26105,"Manufacture of computer, electronic and optical products","Manufacture of display components (plasma, polymer, LCD, LED)",NIC
26106,"Manufacture of computer, electronic and optical products","Manufacture of printer cables, monitor cables, USB cables, connectors etc.",NIC
26107,"Manufacture of computer, electronic and optical products",Manufacture of microprocessors,NIC
26109,"Manufacture of computer, electronic and optical products",Manufacture of other electronic components n.e.c,NIC
26201,"Manufacture of computer, electronic and optical products","Manufacture of desktop computers, laptop computers, hand-held computers (e.g. PDA), mainframe computers and computer servers",NIC
26202,"Manufacture of computer, electronic and optical products","Manufacture of magnetic and optical storage devices such as magnetic disk drives, flash drives, CD, DVD and other storage devices",NIC
26203,"Manufacture of computer, electronic and optical products","Manufacture of monitors, keyboards, all types of mice, joysticks, and trackball accessories, dedicated computer terminals etc.",NIC
26204,"Manufacture of computer, electronic and optical products","Manufacture of printers, scanners, including bar code scanners, smart card readers, virtual reality helmets, computer projectors (video beamers)",NIC
26205,"Manufacture of computer, electronic and optical products","Manufacture of computer terminals, like automatic teller machines (ATMâ€™s), point-of-sale (POS) terminals not mechanically operated",NIC
26209,"Manufacture of computer, electronic and optical products",Manufacture of computers and peripheral equipment n.e.c.,NIC
26301,"Manufacture of computer, electronic and optical products","Manufacture of radio and television studio and broadcasting equipment, including television cameras",NIC
26302,"Manufacture of computer, electronic and optical products","Manufacture of telephone and facsimile equipment, including telephone answering machines, PBX",NIC
26303,"Manufacture of computer, electronic and optical products","Manufacture of data communications equipment, such as bridges, routers, and gateways",NIC
26304,"Manufacture of computer, electronic and optical products","Manufacture of cable television equipment, transmitting and receiving antenna including dish, VSAT",NIC
26305,"Manufacture of computer, electronic and optical products","Manufacture of pagers, cellular phones and other mobile communication equipment",NIC
26309,"Manufacture of computer, electronic and optical products",Manufacture of other communication equipments n.e.c.,NIC
26401,"Manufacture of computer, electronic and optical products","Manufacture of televisions, television monitors and displays",NIC
26402,"Manufacture of computer, electronic and optical products",Manufacture video cassette recorders and duplicating equipment,NIC
26403,"Manufacture of computer, electronic and optical products",Manufacture of audio recording and duplicating systems,NIC
26404,"Manufacture of computer, electronic and optical products",Manufacture of radio receivers,NIC
26405,"Manufacture of computer, electronic and optical products","Manufacture of stereo equipment, speaker systems, amplifiers for musical instruments and public address systems, microphones, karaoke machines, headphones (e.g. radio, stereo, computer)",NIC
26406,"Manufacture of computer, electronic and optical products",Manufacture of CD and DVD players,NIC
26409,"Manufacture of computer, electronic and optical products",Manufacture of other electronic consumer goods n.e.c. (this includes non- television video camera),NIC
26511,"Manufacture of computer, electronic and optical products",Manufacture of physical properties testing and inspection equipment,NIC
26512,"Manufacture of computer, electronic and optical products",Manufacture of automotive emissions testing equipment,NIC
26513,"Manufacture of computer, electronic and optical products","Manufacture of consumption meters for electricity, water or gas, flow meters and counting meters",NIC
26514,"Manufacture of computer, electronic and optical products",Manufacture of meteorological instruments,NIC
26515,"Manufacture of computer, electronic and optical products","Manufacture of radar equipment, GPS devices, search, detection, navigation, aeronautical and nautical equipment",NIC
26516,"Manufacture of computer, electronic and optical products","Manufacture of laboratory analytical instruments and miscellaneous laboratory apparatus for measuring and testing such as scales, balances, incubators etc.",NIC
26517,"Manufacture of computer, electronic and optical products",Manufacture of industrial process control equipment,NIC
26519,"Manufacture of computer, electronic and optical products",Manufacture of other measuring n.e.c.,NIC
26521,"Manufacture of computer, electronic and optical products","Manufacture of watches and clocks, including instrument panel clocks (except time-recording equipment)",NIC
26522,"Manufacture of computer, electronic and optical products","Manufacture of components for clocks and watches (springs, jewels, dials, hands, plates, bridges and other parts); watch and clock cases, including cases of precious metals",NIC
26523,"Manufacture of computer, electronic and optical products","Manufacture of time-recording equipments such as time-clock, parking meters etc.",NIC
26529,"Manufacture of computer, electronic and optical products",Manufacture of other watches and clocks n.e.c.,NIC
26600,"Manufacture of computer, electronic and optical products","Manufacture of irradiation, electromedical and electrotherapeutic equipment",NIC
26700,"Manufacture of computer, electronic and optical products",Manufacture of optical instruments and equipment,NIC
26800,"Manufacture of computer, electronic and optical products",Manufacture of magnetic and optical media,NIC
27101,Manufacture of electrical equipment,"Manufacture of power generators (except battery charging alternators for internal combustion engines), motor generator sets (except turbine generator set units)",NIC
27102,Manufacture of electrical equipment,"Manufacture of electric power distribution transformers, arc-welding transformers, fluorescent ballasts, transmission and distribution voltage regulators",NIC
27103,Manufacture of electrical equipment,Manufacture of electric motors (except internal combustion engine starting motors),NIC
27104,Manufacture of electrical equipment,"Manufacture of electricity distribution and control apparatus (electrical apparatus for switching or protecting electrical circuits (e.g. switches, fuses, voltage limiters, surge suppressors, junction boxes etc.)",NIC
27201,Manufacture of electrical equipment,"Manufacture of primary cells and primary batteries nd rechargable batteries, cells containing manganese oxide, mercuric oxide silver oxide or other material",NIC
27202,Manufacture of electrical equipment,"Manufacture of electric accumulator incuding parts thereof (separators, containers, covers)",NIC
27310,Manufacture of electrical equipment,Manufacture of fibre optic cables for data transmission or live transmission of images,NIC
27320,Manufacture of electrical equipment,"Manufacture of other electronic and electric wires and cables (insulated wire and cable made of steel, copper, aluminium)",NIC
27331,Manufacture of electrical equipment,"Manufacture of switch, switch box, lamp holders, lugs etc.",NIC
27339,Manufacture of electrical equipment,Manufacture of other wiring devices and fittings n.e.c.,NIC
27400,Manufacture of electrical equipment,Manufacture of electric lighting equipment,NIC
27501,Manufacture of electrical equipment,"Manufacture of domestic electric appliances such as refrigerators, washing machines, vacuum cleaners, mixers, grinders etc.",NIC
27502,Manufacture of electrical equipment,"Manufacture of domestic electrothermic appliances such as electric water heaters, space heaters, irons, ovens, toasters, microwave ovens etc",NIC
27503,Manufacture of electrical equipment,Manufacture of electric fans (except exhaust fans),NIC
27504,Manufacture of electrical equipment,"Manufacture of domestic non-electric cooking and heating equipment such as non-electric space heaters, cooking ranges, grates, stoves, water heaters, cooking appliances, plate warmers",NIC
27509,Manufacture of electrical equipment,Manufacture of other domestic appliances n.e.c.,NIC
27900,Manufacture of electrical equipment,Manufacture of other electrical equipment,NIC
28110,Manufacture of machinery and equipment n.e.c.,"Manufacture of engines and turbines, except aircraft, vehicle and cycle engines",NIC
28120,Manufacture of machinery and equipment n.e.c.,Manufacture of fluid power equipment,NIC
28131,Manufacture of machinery and equipment n.e.c.,Manufacture of hand pumps,NIC
28132,Manufacture of machinery and equipment n.e.c.,"Manufacture of other pumps, compressors, taps and valves etc.",NIC
28140,Manufacture of machinery and equipment n.e.c.,"Manufacture of bearings, gears, gearing and driving elements",NIC
28150,Manufacture of machinery and equipment n.e.c.,"Manufacture of ovens, furnaces and furnace burners",NIC
28161,Manufacture of machinery and equipment n.e.c.,"Manufacture of lifts, escalators and moving walkways",NIC
28162,Manufacture of machinery and equipment n.e.c.,Manufacture of other lifting and handling equipment and parts thereof,NIC
28170,Manufacture of machinery and equipment n.e.c.,Manufacture of office machinery and equipment,NIC
28180,Manufacture of machinery and equipment n.e.c.,Manufacture of power-driven hand tools,NIC
28191,Manufacture of machinery and equipment n.e.c.,"Manufacture of refrigerating or freezing equipment f industrial use, including assemblies of major components",NIC
28192,Manufacture of machinery and equipment n.e.c.,"Manufacture of air-conditioning machines, including motor vehicles air- conditioners",NIC
28193,Manufacture of machinery and equipment n.e.c.,"Manufacture of fire extinguishers and other equipment for projecting, dispersing or spraying liquids or powders whether or not hand-operated, including sand blasting machines, stream cleaning machines etc.",NIC
28194,Manufacture of machinery and equipment n.e.c.,Manufacture of weighing machinery (other than sensitive laboratory balances),NIC
28195,Manufacture of machinery and equipment n.e.c.,Manufacture of filtering and purifying machinery or apparatus for liquids and gases,NIC
28199,Manufacture of machinery and equipment n.e.c.,Manufacture of other general purpose machinery n.e.c.,NIC
28211,Manufacture of machinery and equipment n.e.c.,Manufacture of tractors used in agriculture and forestry,NIC
28212,Manufacture of machinery and equipment n.e.c.,"Manufacture of ploughs, manure spreaders, seeders, harrows and similar agricultural machinery for soil preparation, planting or fertilizing, harvesting or threshing machinery",NIC
28213,Manufacture of machinery and equipment n.e.c.,Manufacture of spraying machinery for agricultural use,NIC
28219,Manufacture of machinery and equipment n.e.c.,Manufacture of other agricultural and forestry machinery n.e.c.,NIC
28221,Manufacture of machinery and equipment n.e.c.,"Manufacture of machine tools for turning, drilling, milling, shaping, planning, boring, grinding etc.",NIC
28222,Manufacture of machinery and equipment n.e.c.,Manufacture of electroplating machinery,NIC
28223,Manufacture of machinery and equipment n.e.c.,Manufacture of parts and accessories for the machine tools listed above,NIC
28229,Manufacture of machinery and equipment n.e.c.,Manufacture of metal-forming machinery and machine tools n.e.c,NIC
28230,Manufacture of machinery and equipment n.e.c.,Manufacture of machinery for metallurgy,NIC
28241,Manufacture of machinery and equipment n.e.c.,Manufacture of continuous-action elevators and conveyors for underground use,NIC
28242,Manufacture of machinery and equipment n.e.c.,"Manufacture of boring, cutting, sinking and tunnelling machinery (whether or not for underground use)",NIC
28243,Manufacture of machinery and equipment n.e.c.,"Manufacture of earth-moving machinery (bulldozers, angle-dozers, graders, scrapers, levellers, mechanical shovels, shovel loaders, off-road dumping trucks etc.)",NIC
28244,Manufacture of machinery and equipment n.e.c.,Manufacture of tracklaying tractors and tractors used in construction or mining,NIC
28245,Manufacture of machinery and equipment n.e.c.,"Manufacture of concrete and mortar mixers, piledrivers and pile-extractors, mortar spreaders, bitumen spreaders, concrete surfacing machinery",NIC
28246,Manufacture of machinery and equipment n.e.c.,Manufacture of parts and accessories for machinery/equipment used by construction and mining industries,NIC
28249,Manufacture of machinery and equipment n.e.c.,"Manufacture of other machinery for mining, quarrying and construction n.e.c.",NIC
28251,Manufacture of machinery and equipment n.e.c.,Manufacture of machinery for the dairy industry,NIC
28252,Manufacture of machinery and equipment n.e.c.,Manufacture of machinery for the grain milling industry,NIC
28253,Manufacture of machinery and equipment n.e.c.,"Manufacture of presses, crushers etc. used to make wine, cider, fruit juices etc.",NIC
28254,Manufacture of machinery and equipment n.e.c.,"Manufacture of machinery for the bakery industry or for making macaroni, noodles, pasta etc.",NIC
28255,Manufacture of machinery and equipment n.e.c.,Manufacture of machinery for the extraction or preparation of animal or vegetable fats or oils,NIC
28256,Manufacture of machinery and equipment n.e.c.,"Manufacture of machinery for the preparation of tobacco and for the making of cigarettes or cigars, or for pipe or chewing tobacco or snuff",NIC
28259,Manufacture of machinery and equipment n.e.c.,Manufacture of other machinery for the industrial preparation or manufacture of food or drink n.e.c. (including tea or coffee making machines),NIC
28261,Manufacture of machinery and equipment n.e.c.,"Manufacture of machinery for preparation of textile fibers, spinning machines, machines for preparing textile yarns, weaving machines (looms), including hand looms, knitting machines",NIC
28262,Manufacture of machinery and equipment n.e.c.,Manufacture of textile printing machinery,NIC
28263,Manufacture of machinery and equipment n.e.c.,"Manufacture of machinery for washing, bleaching, dyeing, dressing, finishing coating or impregnating textile fabrics, machines for reeling, unreeling, folding, cutting or pinking textile fabrics, and similar machinery for fabric processing",NIC
28264,Manufacture of machinery and equipment n.e.c.,"Manufacture of ironing machines, commercial washing and drying machines, dry-cleaning machines and other laundry machinery",NIC
28265,Manufacture of machinery and equipment n.e.c.,"Manufacture of sewing machines, sewing machine heads and sewing machine needles (whether or not for household use)",NIC
28266,Manufacture of machinery and equipment n.e.c.,"Manufacture of machinery for preparing, tanning or working hides, skins or leather, machinery for making or repairing footwear or other articles of hides, skins, leather or fur skins",NIC
28269,Manufacture of machinery and equipment n.e.c.,"Manufacture of other machinery for textiles, apparel and leather production n.e.c.",NIC
28291,Manufacture of machinery and equipment n.e.c.,"Manufacture of machinery for making paper pulp, paper, paperboard and articles of paper board",NIC
28292,Manufacture of machinery and equipment n.e.c.,Manufacture of machinery for working soft rubber or plastics or for the manufacture of products of these materials,NIC
28293,Manufacture of machinery and equipment n.e.c.,Manufacture of printing and bookbinding machines and machines for activities supporting printing on a variety of materials (other than textiles),NIC
28299,Manufacture of machinery and equipment n.e.c.,Manufacture of other special-purpose machinery n.e.c.,NIC
29101,"Manufacture of motor vehicles, trailers and semi-trailers",Manufacture of passenger cars,NIC
29102,"Manufacture of motor vehicles, trailers and semi-trailers","Manufacture of commercial vehicles such as vans, lorries, over-the-road tractors for semi-trailers etc.",NIC
29103,"Manufacture of motor vehicles, trailers and semi-trailers",Manufacture of chassis fitted with engines for the motor vehicles included in this class,NIC
29104,"Manufacture of motor vehicles, trailers and semi-trailers",Manufacture of motor vehicle engines,NIC
29109,"Manufacture of motor vehicles, trailers and semi-trailers",Manufacture of motor vehicles n.e.c.,NIC
29201,"Manufacture of motor vehicles, trailers and semi-trailers","Manufacture of bodies, including cabs for motor vehicles",NIC
29202,"Manufacture of motor vehicles, trailers and semi-trailers",Manufacture of trailers and semi-trailers for transport of goods or passengers,NIC
29209,"Manufacture of motor vehicles, trailers and semi-trailers",Manufacture of other attachments to motor vehicles n.e.c.,NIC
29301,"Manufacture of motor vehicles, trailers and semi-trailers","Manufacture of diverse parts and accessories for motor vehecles sucs as brakes, gearboxes, axles, road wheels, suspension shock absorbers, radiators, silencers, exhaust pipes, catalysers, clutches, steering wheels, steering columns and steering boxes etc.",NIC
29302,"Manufacture of motor vehicles, trailers and semi-trailers","Manufacture of parts and accessories of bodies for motor vehicles such as safety belts, airbags, doors, bumpers",NIC
29303,"Manufacture of motor vehicles, trailers and semi-trailers",Manufacture of car seats,NIC
29304,"Manufacture of motor vehicles, trailers and semi-trailers","Manufacture of motor vehicle electrical equipment, such as generators, alternators, spark plugs, ignition wiring harnesses, power window and door systems, assembly of purchased gauges into instrument panels, voltage regulators, etc.",NIC
30111,Manufacture of other transport equipment,"Building of commercial vessels: passenger vessels, ferry-boats, cargo ships, tankers, tugs, hovercraft (except recreation-type hovercraft) etc.",NIC
30112,Manufacture of other transport equipment,Building of warships and scientific investigation ships etc.,NIC
30113,Manufacture of other transport equipment,Building of fishing boats and fish-processing factory vessels,NIC
30114,Manufacture of other transport equipment,Construction of floating or submersible drilling platforms,NIC
30115,Manufacture of other transport equipment,"Construction of floating structures ( floating docks, pontoons, coffer-dams, floating landing stages, buoys, floating tanks, barges, lighters, floating cranes, non-recreational inflatable rafts etc.)",NIC
30201,Manufacture of other transport equipment,"Manufacture of electric, diesel, steam and other rail locomotives",NIC
30202,Manufacture of other transport equipment,"Manufacture of self-propelled railway or tramway coaches, vans and trucks, maintenance or service vehicles",NIC
30203,Manufacture of other transport equipment,"Manufacture of railway or tramway rolling stock, not self-propelled (passenger coaches, goods vans tank wagons, self-discharging vans and wagons, workshop vans, crane vans, tenders etc.",NIC
30204,Manufacture of other transport equipment,"Manufacture of specialized parts of railway or tramway locomotives or of rolling stock (bogies, axles and wheels, brakes and parts of brakes; hooks and coupling devices, buffers and buffer parts; shock absorbers; wagon and locomotive frames; bodies;",NIC
30205,Manufacture of other transport equipment,"Manufacture of mechanical and electro-mechanical signalling safety and traffic control equipment for railways, tramways, inland waterways, roads, parking facilities, airfields etc.",NIC
30206,Manufacture of other transport equipment,Manufacture of mining locomotives and mining rail cars,NIC
30301,Manufacture of other transport equipment,Manufacture of airplanes,NIC
30302,Manufacture of other transport equipment,Manufacture of helicopters,NIC
30303,Manufacture of other transport equipment,"Manufacture of gliders, hang-gliders, dirigibles and hot air balloons and other non-powered aircraft",NIC
30304,Manufacture of other transport equipment,"Manufacture of spacecraft and launch vehicles, satellites, planetary probes, orbital stations, shuttles, intercontinental ballistic (ICBM) and similar missiles",NIC
30305,Manufacture of other transport equipment,Manufacture of parts and accessories of the aircraft and spacecraft of this class,NIC
30400,Manufacture of other transport equipment,Manufacture of weapons and ammunition,NIC
30911,Manufacture of other transport equipment,"Manufacture of motorcycles, scooters, mopeds etc. and their engine",NIC
30912,Manufacture of other transport equipment,Manufacture of three-wheelers and their engine,NIC
30913,Manufacture of other transport equipment,Manufacture of parts and accessories of three wheelers and motorcycles including side cars,NIC
30921,Manufacture of other transport equipment,"Manufacture of non-motorized bicycles and other cycles, including cycle- rickshaws, (delivery) tricycles, tandems, childrenâ€™s bicycles and tricycles, baby carriages",NIC
30922,Manufacture of other transport equipment,Manufacture of invalid carriages with or without motor,NIC
30923,Manufacture of other transport equipment,"Manufacture of parts and accessories for bicycles, cycle -rickshaws and invalid carriages",NIC
30991,Manufacture of other transport equipment,Manufacture of vehicles drawn by animals,NIC
30999,Manufacture of other transport equipment,"Manufacture of other transport equipments n.e.c. such as pushcarts, handcarts etc",NIC
31001,Manufacture of furniture,Manufacture of furniture made of wood,NIC
31002,Manufacture of furniture,Manufacture of furniture made of cane & reed,NIC
31003,Manufacture of furniture,Manufacture of furniture primarily of metal,NIC
31004,Manufacture of furniture,Manufacture of furniture primarily of plastic,NIC
31005,Manufacture of furniture,Manufacture of mattresses and pillows,NIC
31009,Manufacture of furniture,Manufacture of other furniture n.e.c.,NIC
32111,Other manufacturing,"Manufacture of jewellery of gold, silver and other precious or base metal metal clad with precious metals or precious or semi-precious stones, or of combinations of precious metal and precious or semi-precious stones or of other materials",NIC
32112,Other manufacturing,Working of diamonds and other precious and semi-precious stones including the working of industrial quality stones and synthetic or reconstructed precious or semi-precious stones,NIC
32113,Other manufacturing,Production of worked pearls,NIC
32114,Other manufacturing,"Manufacture of coins, including coins for use as legal tender, whether or not of precious metal",NIC
32119,Other manufacturing,"Manufacture of other articles of gold, silver and other precious and semi precious metal and stone",NIC
32120,Other manufacturing,Manufacture of imitation jewellery and related articles,NIC
32201,Other manufacturing,Manufacture of stringed instruments (non-electronic),NIC
32202,Other manufacturing,"Manufacture of wind instruments, accordions, harmonium and similar instruments and mouth organs",NIC
32203,Other manufacturing,Manufacture of percussion musical instruments,NIC
32204,Other manufacturing,"Manufacture of musical instruments, the sound of which is produced electronically",NIC
32209,Other manufacturing,Manufacture of other musical instruments n.e.c.,NIC
32300,Other manufacturing,Manufacture of sports goods,NIC
32401,Other manufacturing,Manufacture of dolls and toy animals,NIC
32402,Other manufacturing,"Manufacture of wheeled toys designed to be ridden, including plastic bicycles and tricycles",NIC
32403,Other manufacturing,"Manufacture of pin-tables, coin-operated games, billiards, special tables for casino games, etc.",NIC
32404,Other manufacturing,Manufacture of playing cards,NIC
32405,Other manufacturing,Manufacture of electronic games,NIC
32409,Other manufacturing,Manufacture of other games and toys n.e.c.,NIC
32501,Other manufacturing,"Manufacture of dental fillings and cements (except denture adhesive or cement), dental wax and other dental plaster preparations; manufacture of dental laboratory furnaces, dental instruments, artificial teeth, bridges, etc., made in dental labs",NIC
32502,Other manufacturing,"Manufacture of laboratory apparatus (laboratory ultrasonic cleaning machinery, laboratory sterilizers, laboratory type distilling apparatus, laboratory centrifuges etc.)",NIC
32503,Other manufacturing,"Manufacture of medical, surgical, dental or veterinary furniture such as operating tables, examination tables, dentistsâ€™ chairs etc.",NIC
32504,Other manufacturing,"Manufacture of bone plates and screws, syringes, needles, catheters, cannulae, etc.",NIC
32505,Other manufacturing,Manufacture of measuring instruments suc as thermometers etc.,NIC
32506,Other manufacturing,Manufacture of orthopedic and prosthetic devices,NIC
32507,Other manufacturing,"Manufacture of ophthalmic goods, eyeglasses, sunglasses, lenses ground to prescription, contact lenses, safety goggles etc.",NIC
32509,Other manufacturing,Manufacture of other medical and dental instruments n.e.c.,NIC
32901,Other manufacturing,"Manufacture of stationary articles such as pens and pencils of all kinds whether or not mechanical, pencil leads, date, sealing or numbering stamps, hand-operated devices for printing or embossing labels, hand printing sets, prepared typewriter ribbons",NIC
32902,Other manufacturing,Manufacture of protective safety equipment,NIC
32903,Other manufacturing,"Manufacture of umbrellas, sun-umbrellas, walking sticks, seat-stick",NIC
32904,Other manufacturing,"Manufacture of articles of personal use such as cigarette lighters, smoking pipes, combs, hair slides, scent sprays, vacuum flasks and other vacuum vessels for personal or household use, wigs, false beards, eyebrows etc.",NIC
32909,Other manufacturing,Manufacture of other articles n.e.c.,NIC
33111,Repair and installation of machinery and equipment,Repair and maintenance of structural products,NIC
33112,Repair and installation of machinery and equipment,Repair and maintenance of pipes and pipelines,NIC
33113,Repair and installation of machinery and equipment,"Repair and maintenance of metal tanks, reservoirs, containers, steel shipping drums etc.",NIC
33114,Repair and installation of machinery and equipment,"Repair and maintenance of steam or other vapour generators and auxiliary plant for use with steam generators such as condensers, economizers, superheaters, steam collectors and accumulators",NIC
33119,Repair and installation of machinery and equipment,Repair and maintenance of other fabricated metal products,NIC
33121,Repair and installation of machinery and equipment,"Repair and maintenance of engines and turbines excluding aircraft, vehicle and cycle engines",NIC
33122,Repair and installation of machinery and equipment,"Repair and maintenance of pumps and related equipment, fluid power equipment, valves",NIC
33123,Repair and installation of machinery and equipment,"Repair and maintenance of metal cutting and metal forming machine tools and accessories, power-driven hand-tools and other machine tools",NIC
33124,Repair and installation of machinery and equipment,Repair and maintenance of agricultural machinery and forestry and logging machinery including agricultural tractors,NIC
33125,Repair and installation of machinery and equipment,"Repair and maintenance of mining, construction, and oil and gas field machinery; metallurgy machinery",NIC
33126,Repair and installation of machinery and equipment,"Repair and maintenance of food, beverage, and tobacco processing machinery",NIC
33127,Repair and installation of machinery and equipment,"Repair and maintenance of textile apparel, leather production machinery and papermaking machinery",NIC
33129,Repair and installation of machinery and equipment,"Repair and maintenance of other special purpose machinery of division 28 (weighing equipment, vending machines, cash registers, photocopy machines, calculators, typewriters etc.)",NIC
33131,Repair and installation of machinery and equipment,"Repair and maintenance of measuring, testing, navigating and control equipment of group 265",NIC
33132,Repair and installation of machinery and equipment,"Repair and maintenance of irradiation, electromedical and electro theraputic equipmemts of class 2660",NIC
33133,Repair and installation of machinery and equipment,Repair and maintenance of optical instruments and equipment of class 2670,NIC
33140,Repair and installation of machinery and equipment,Repair of electrical equipment,NIC
33150,Repair and installation of machinery and equipment,"Repair of transport equipment, except motor vehicles",NIC
33190,Repair and installation of machinery and equipment,Repair of other equipment,NIC
33200,Repair and installation of machinery and equipment,Installation of industrial machinery and equipment,NIC
35101,"Electricity, gas, steam and air conditioning supply",Electric power generation by hydroelectric power plants,NIC
35102,"Electricity, gas, steam and air conditioning supply",Electric power generation by coal based thermal power plants,NIC
35103,"Electricity, gas, steam and air conditioning supply","Electric power generation by non-coal based thermal (e.g. diesel, gas )",NIC
35104,"Electricity, gas, steam and air conditioning supply",Electric power generation and transmission by nuclear power plants,NIC
35105,"Electricity, gas, steam and air conditioning supply",Electric power generation using solar energy,NIC
35106,"Electricity, gas, steam and air conditioning supply",Electric power generation using other non conventional sources,NIC
35107,"Electricity, gas, steam and air conditioning supply",Transmission of electric energy,NIC
35109,"Electricity, gas, steam and air conditioning supply","Collection and distribution of electric energy to households, industrial, commercial and other users n.e.c.",NIC
35201,"Electricity, gas, steam and air conditioning supply",Manufacture of gas,NIC
35202,"Electricity, gas, steam and air conditioning supply",Disrtibution and sale of gaseous fuels through mains,NIC
35301,"Electricity, gas, steam and air conditioning supply","Production, collection and distribution of steam and hot water for heating, power and other purposes",NIC
35302,"Electricity, gas, steam and air conditioning supply",Production and distribution of cooled air and chilled water for cooling purposes,NIC
35303,"Electricity, gas, steam and air conditioning supply","Production of ice, including ice for food and non-food (e.g. cooling) purposes",NIC
36000,"Water collection, treatment and supply","Water collection, treatment and supply",NIC
37001,Sewerage,The operation and maintenance of sewer systems,NIC
37002,Sewerage,"Collecting and transporting of human or industrial waste water or rain water by means of sewerage networks, collectors, tanks and other means of transport (sewage vehicles etc.)",NIC
37003,Sewerage,"Treatment of waste water or sewer by means of physical, chemical or biological processes",NIC
38110,"Waste collection, treatment and disposal activities; materials recovery",Collection of non-hazardous waste,NIC
38120,"Waste collection, treatment and disposal activities; materials recovery",Collection of hazardous waste,NIC
38210,"Waste collection, treatment and disposal activities; materials recovery",Treatment and disposal of non-hazardous waste,NIC
38221,"Waste collection, treatment and disposal activities; materials recovery","Treatment and disposal of toxic live or dead animals and other, contaminated waste, disposal of used goods; incineration of hazardous waste",NIC
38222,"Waste collection, treatment and disposal activities; materials recovery","Treatment, disposal and storage of radioactive nuclear waste",NIC
38300,"Waste collection, treatment and disposal activities; materials recovery",Materials recovery,NIC
39000,Remediation activities and other waste management services,Remediation activities and other waste management services,NIC
41001,Construction of buildings,Construction of buildings carried out on own-account basis or on a fee or contract basis,NIC
41002,Construction of buildings,"Activities relating to alteration, addition, repair, maintenance carried out on own-account basis or on a fee or contract basis",NIC
41003,Construction of buildings,Assembly and erection of prefabricated constructions on the site,NIC
42101,Civil engineering,"Construction and maintenance of motorways, streets, roads, other vehicular and pedestrian ways, highways, bridges, tunnels and subways",NIC
42102,Civil engineering,Construction and maintenance of railways and rail-bridges,NIC
42103,Civil engineering,Construction and maintenance of airfield runways,NIC
42201,Civil engineering,Construction and maintenance of power plants,NIC
42202,Civil engineering,"Construction/erection and maintenance of power, telecommunication and transmission lines",NIC
42203,Civil engineering,Construction of long distance pipelines or urban pipelines,NIC
42204,Civil engineering,"Construction and maintenance of water main and line connection, water reservoirs including irrigation system (canal)",NIC
42205,Civil engineering,Construction and repair of sewer systems including sewage disposal plants and pumping stations,NIC
42206,Civil engineering,Water well drilling,NIC
42209,Civil engineering,Construction of utility projects n.e.c.,NIC
42901,Civil engineering,Construction and maintenance of industrial facilities such as refineries chemical plants etc.,NIC
42902,Civil engineering,"Construction of waterways, harbours and river works, dredging of waterways",NIC
42903,Civil engineering,Construction of dams etc.,NIC
42904,Civil engineering,Construction of outdoor sports facilities,NIC
42909,Civil engineering,Other civil engineering projects n.e.c.,NIC
43110,Specialized construction activities,Demolition,NIC
43121,Specialized construction activities,Site preparation for mining including overburden removal and other development and preparation of mineral properties and sites except oil and gas sites,NIC
43122,Specialized construction activities,"Site preparation including drilling, boring and core sampling for construction, geophysical, geological or similar purposes",NIC
43123,Specialized construction activities,"Clearing of building sites, earth moving: excavation, landfill, levelling and grading of construction sites, trench digging, rock removal, blasting etc.",NIC
43129,Specialized construction activities,Other site preparation activities n.e.c.,NIC
43211,Specialized construction activities,Installation of electrical wiring and fittings,NIC
43212,Specialized construction activities,"Installation of telecommunications wiring, computer network and cable television wiring, including fibre optic, satellite dishes",NIC
43213,Specialized construction activities,Installation of street lighting and electrical signals,NIC
43214,Specialized construction activities,Installation of fire alarm system and burgler alarm system,NIC
43219,Specialized construction activities,Other electrical electrical installation n.e.c.,NIC
43221,Specialized construction activities,"Installation of plumbing for water, gas and sanitation equipments",NIC
43222,Specialized construction activities,"Installation of heating systems (electric, gas and oil), furnaces, cooling towers, non-electric solar energy collectors etc.",NIC
43229,Specialized construction activities,"Other plumbing, heat and air conditioning activities n.e.c.",NIC
43291,Specialized construction activities,"Installation of elevators, escalators",NIC
43292,Specialized construction activities,"Installation of thermal, sound or vibration insulation system in buildings",NIC
43299,Specialized construction activities,Other construction projects n.e.c.,NIC
43301,Specialized construction activities,"Installation of doors, windows, door and window frames, fitted kitchens, of wood or other materials",NIC
43302,Specialized construction activities,"Interior completion such as ceilings, wooden wall coverings, movable partitions etc. ; Laying of parquet and other wood floor coverings, carpets and linoleum, wallpaper; tiling with ceramic, concrete or cut stone ceramic etc.",NIC
43303,Specialized construction activities,"Interior and exterior painting, glazing, plastering and decorating of buildings or civil engineering structures",NIC
43309,Specialized construction activities,Other building completion and finishing,NIC
43900,Specialized construction activities,Other specialized construction activities,NIC
45101,Wholesale and retail trade and repair of motor vehicles and motorcycles,"Wholesale and retail sale of new vehicles (passenger motor vehicles, ambulances, minibuses, jeeps, trucks, trailers and semi-trailers)",NIC
45102,Wholesale and retail trade and repair of motor vehicles and motorcycles,Wholesale and retail sale of used motor vehicles,NIC
45200,Wholesale and retail trade and repair of motor vehicles and motorcycles,Maintenance and repair of motor vehicles,NIC
45300,Wholesale and retail trade and repair of motor vehicles and motorcycles,Sale of motor vehicle parts and accessories,NIC
45401,Wholesale and retail trade and repair of motor vehicles and motorcycles,"Wholesale or retail sale of new motorcycles, mopeds, scooters and three wheelers",NIC
45402,Wholesale and retail trade and repair of motor vehicles and motorcycles,"Wholesale or retail sale of parts and accessories of motorcycles, mopeds, scooters and three wheelers",NIC
45403,Wholesale and retail trade and repair of motor vehicles and motorcycles,"Maintenance and repair of motor cycles, mopeds, scooters and three wheelers",NIC
46101,"Wholesale trade, except of motor vehicles and motorcycles","Activities of commission agents, brokers dealing in wholesale trade of agricultural raw material, live animals, food, beverages, intoxicants and textiles",NIC
46102,"Wholesale trade, except of motor vehicles and motorcycles","Activities of commission agents dealing in wholesale trade inwood, paper, skin, leather and fur, fuel, petroleum products, chemicals, perfumery and cosmetics, glass, minerals, ores and metals",NIC
46103,"Wholesale trade, except of motor vehicles and motorcycles","Activities of commission agents dealing in wholesale trade in machinery & equipment, other than transport machinery",NIC
46109,"Wholesale trade, except of motor vehicles and motorcycles",Activities of other commission agents n.e.c. (including commission agents working in emerging areas for wholesale trade,NIC
46201,"Wholesale trade, except of motor vehicles and motorcycles",Wholesale of cereals & pulses,NIC
46202,"Wholesale trade, except of motor vehicles and motorcycles","Wholesale of un-manufactured tobacco, paan (betel leaf), opium, ganja, cinchona etc",NIC
46203,"Wholesale trade, except of motor vehicles and motorcycles",Wholesale of live animals and poultry,NIC
46204,"Wholesale trade, except of motor vehicles and motorcycles","Wholesale of straw, fodder & other animal/poultry feed",NIC
46205,"Wholesale trade, except of motor vehicles and motorcycles",Wholesale of flowers and plants,NIC
46206,"Wholesale trade, except of motor vehicles and motorcycles","Wholesale of hides, skins and leather",NIC
46207,"Wholesale trade, except of motor vehicles and motorcycles",Wholesale of oilseed oleaginous fruits,NIC
46208,"Wholesale trade, except of motor vehicles and motorcycles",Wholesale of sugarcane,NIC
46209,"Wholesale trade, except of motor vehicles and motorcycles",Whole sale of other agriculture raw materials n.e.c.,NIC
46301,"Wholesale trade, except of motor vehicles and motorcycles",Wholesale of fruits & vegetables,NIC
46302,"Wholesale trade, except of motor vehicles and motorcycles",Wholesale of raw milk & dairy products,NIC
46303,"Wholesale trade, except of motor vehicles and motorcycles","Wholesale of meat, fish & eggs",NIC
46304,"Wholesale trade, except of motor vehicles and motorcycles","Wholesale of confectionery, bakery products and beverages other than intoxicants",NIC
46305,"Wholesale trade, except of motor vehicles and motorcycles","Wholesale of edible oils, fats, sugar and processed/manufactured spices etc.",NIC
46306,"Wholesale trade, except of motor vehicles and motorcycles","Wholesale of tea, coffee & cocoa",NIC
46307,"Wholesale trade, except of motor vehicles and motorcycles",Wholesale of manufactured tobacco & tobacco products,NIC
46308,"Wholesale trade, except of motor vehicles and motorcycles",Wholesale of intoxicants like wines and liquors,NIC
46309,"Wholesale trade, except of motor vehicles and motorcycles",Wholesale of other basic/manufactured food stuffs n.e.c.,NIC
46411,"Wholesale trade, except of motor vehicles and motorcycles","Wholesale of textiles, fabrics, yarn, household linen, articles of clothing, floor coverings and tapestry, sports clothes",NIC
46412,"Wholesale trade, except of motor vehicles and motorcycles",Wholesale of umbrella and clothing accessories,NIC
46413,"Wholesale trade, except of motor vehicles and motorcycles",Wholesale of footwear,NIC
46419,"Wholesale trade, except of motor vehicles and motorcycles",Wholesale of other clothing items n.e.c.,NIC
46491,"Wholesale trade, except of motor vehicles and motorcycles","Wholesale of toiletry, perfumery and cosmetics",NIC
46492,"Wholesale trade, except of motor vehicles and motorcycles","Wholesale of metal, porcelain and glass utensils; crockery and chinaware",NIC
46493,"Wholesale trade, except of motor vehicles and motorcycles",Wholesale of furniture and fixtures,NIC
46494,"Wholesale trade, except of motor vehicles and motorcycles","Wholesale of watches, clocks and optical goods",NIC
46495,"Wholesale trade, except of motor vehicles and motorcycles","Wholesale of recorded audio or video tapes, CDs and DVDs",NIC
46496,"Wholesale trade, except of motor vehicles and motorcycles","Wholesale of paper and other stationery items; books, magazines and newspapers",NIC
46497,"Wholesale trade, except of motor vehicles and motorcycles",Wholesale of pharmaceutical and medical goods,NIC
46498,"Wholesale trade, except of motor vehicles and motorcycles",Wholesale of precious metals and jewellery,NIC
46499,"Wholesale trade, except of motor vehicles and motorcycles","Wholesale of other households goods, n.e.c. [Includes wholesale of household equipment and appliances, n.e.c; photographic equipment, games, toys and sports goods (also includes bicycles, cycle rickshaw, tonga & other non-mechanised vehicles);]",NIC
46511,"Wholesale trade, except of motor vehicles and motorcycles",Wholesale of computers and computer peripheral equipment,NIC
46512,"Wholesale trade, except of motor vehicles and motorcycles",Wholesale of software,NIC
46521,"Wholesale trade, except of motor vehicles and motorcycles","Wholesale of electronic valves and tubes, semiconductor devices, microchips, integrated circuits and printed circuits",NIC
46522,"Wholesale trade, except of motor vehicles and motorcycles","Wholesale of radio, television and other consumer electronics including CD/ DVD players and recorders",NIC
46523,"Wholesale trade, except of motor vehicles and motorcycles","Wholesale of blank audio and video tapes and diskettes, magnetic and optical disks (CDs, DVDs) and parts",NIC
46524,"Wholesale trade, except of motor vehicles and motorcycles","Wholesale of telephone, mobile phone and communications equipment and parts",NIC
46529,"Wholesale trade, except of motor vehicles and motorcycles",Wholesale of other electronic equipments and parts thereof,NIC
46531,"Wholesale trade, except of motor vehicles and motorcycles",Wholesale of tractors used in agriculture and forestry,NIC
46532,"Wholesale trade, except of motor vehicles and motorcycles","Wholesale of ploughs, manure spreaders, seeders, harvesters, threshers",NIC
46533,"Wholesale trade, except of motor vehicles and motorcycles","Wholesale of milking machines, poultry-keeping machines, bee-keeping machines",NIC
46539,"Wholesale trade, except of motor vehicles and motorcycles",Wholesale of other agriculture machinery n.e.c.,NIC
46591,"Wholesale trade, except of motor vehicles and motorcycles","Wholesale of office machinery and equipment, except computers and computer peripheral equipment",NIC
46592,"Wholesale trade, except of motor vehicles and motorcycles","Wholesale of transport equipment except motor vehicles, motorcycles and bicycles",NIC
46593,"Wholesale trade, except of motor vehicles and motorcycles","Wholesale of electrical machinery, equipment and supplies, n.e.c.",NIC
46594,"Wholesale trade, except of motor vehicles and motorcycles",Wholesale of construction and civil engineering machinery and equipment,NIC
46595,"Wholesale trade, except of motor vehicles and motorcycles","Wholesale of machinery and equipment for the textile, wood and metal industries etc.",NIC
46596,"Wholesale trade, except of motor vehicles and motorcycles","Wholesale of scientific, medical and surgical machinery and equipment",NIC
46599,"Wholesale trade, except of motor vehicles and motorcycles","Wholesale of other machinery, equipment and supplies n.e.c. including computer-controlled machine tools and computer-controlled sewing and knitting machines",NIC
46610,"Wholesale trade, except of motor vehicles and motorcycles","Wholesale of solid, liquid and gaseous fuels and related products",NIC
46620,"Wholesale trade, except of motor vehicles and motorcycles",Wholesale of metals and metal ores,NIC
46631,"Wholesale trade, except of motor vehicles and motorcycles",Wholesale of wood in the rough and products of primary processing of wood,NIC
46632,"Wholesale trade, except of motor vehicles and motorcycles","Wholesale of construction materials (sand, gravel etc.)",NIC
46633,"Wholesale trade, except of motor vehicles and motorcycles","Wholesale of hardware and sanitary fittings and fixtures and flat glass including tools such as hammers, saws, screwdrivers and other hand tools",NIC
46634,"Wholesale trade, except of motor vehicles and motorcycles","Wholesale of paints, varnishes, and lacquers",NIC
46639,"Wholesale trade, except of motor vehicles and motorcycles",Wholesale of other construction equipment n.e.c.,NIC
46691,"Wholesale trade, except of motor vehicles and motorcycles",Wholesale of industrial chemicals,NIC
46692,"Wholesale trade, except of motor vehicles and motorcycles",Wholesale of fertilizers and agrochemical products,NIC
46693,"Wholesale trade, except of motor vehicles and motorcycles",Wholesale of plastic materials in primary forms,NIC
46694,"Wholesale trade, except of motor vehicles and motorcycles",Wholesale of rubber,NIC
46695,"Wholesale trade, except of motor vehicles and motorcycles",Wholesale of textile fibres etc.,NIC
46696,"Wholesale trade, except of motor vehicles and motorcycles",Wholesale of paper in bulk,NIC
46697,"Wholesale trade, except of motor vehicles and motorcycles",Wholesale of precious stones,NIC
46699,"Wholesale trade, except of motor vehicles and motorcycles",Wholesale of metal and non-metal waste and scrap n.e.c.,NIC
46901,"Wholesale trade, except of motor vehicles and motorcycles",Wholesale trade via e-commerce excluding activities of commission agents,NIC
46909,"Wholesale trade, except of motor vehicles and motorcycles",Other non-specialised wholesale trade n.e.c.,NIC
47110,"Retail trade, except of motor vehicles and motorcycles","Retail sale in non-specialized stores with food, beverages or tobacco predominating",NIC
47190,"Retail trade, except of motor vehicles and motorcycles",Other retail sale in non-specialized stores,NIC
47211,"Retail trade, except of motor vehicles and motorcycles","Retail sale of cereals and pulses, tea, coffee, spices and flour",NIC
47212,"Retail trade, except of motor vehicles and motorcycles",Retail sale of fresh or preserved fruit and vegetables,NIC
47213,"Retail trade, except of motor vehicles and motorcycles","Retail sale of meat, meat products, poultry products, fish, other seafood and products thereof",NIC
47214,"Retail trade, except of motor vehicles and motorcycles","Retail sale of bakery products, dairy products and eggs",NIC
47215,"Retail trade, except of motor vehicles and motorcycles",Retail sale of sugar confectionery and sweetmeat,NIC
47219,"Retail trade, except of motor vehicles and motorcycles",Retail sale of other food products n.e.c.,NIC
47221,"Retail trade, except of motor vehicles and motorcycles",Retail sale of alcoholic beverages not consumed on the spot,NIC
47222,"Retail trade, except of motor vehicles and motorcycles",Retail sale of non-alcoholic beverages including icecream not for consumption on the premises,NIC
47230,"Retail trade, except of motor vehicles and motorcycles",Retail sale of tobacco products in specialized stores,NIC
47300,"Retail trade, except of motor vehicles and motorcycles",Retail sale of automotive fuel in specialized stores [includes the activity of petrol filling stations.,NIC
47411,"Retail trade, except of motor vehicles and motorcycles",Retail sale of computers and computer peripherals,NIC
47412,"Retail trade, except of motor vehicles and motorcycles",Retail sale of video games,NIC
47413,"Retail trade, except of motor vehicles and motorcycles",Retail sale of non-customized software,NIC
47414,"Retail trade, except of motor vehicles and motorcycles",Retail sale of telecommunication equipment,NIC
47420,"Retail trade, except of motor vehicles and motorcycles",Retail sale of audio and video equipment in specialized stores,NIC
47510,"Retail trade, except of motor vehicles and motorcycles",Retail sale of textiles in specialized stores,NIC
47521,"Retail trade, except of motor vehicles and motorcycles","Retail sale of building material such as bricks, wood, sanitary equipment",NIC
47522,"Retail trade, except of motor vehicles and motorcycles","Retail sale of hardware including paints, varnishes and lacquers and do-it- yourself materials and equipments",NIC
47523,"Retail trade, except of motor vehicles and motorcycles",Retail sale of glass,NIC
47531,"Retail trade, except of motor vehicles and motorcycles","Retail sale of carpets, rugs, curtains and net curtains",NIC
47532,"Retail trade, except of motor vehicles and motorcycles",Retail sale of wallpaper and floor coverings,NIC
47591,"Retail trade, except of motor vehicles and motorcycles",Retail sale of household furniture,NIC
47592,"Retail trade, except of motor vehicles and motorcycles","Retail sale of household utensils and cutlery, crockery, glassware, china and pottery",NIC
47593,"Retail trade, except of motor vehicles and motorcycles","Retail sale of gas stoves, cooking/kitchen appliances",NIC
47594,"Retail trade, except of motor vehicles and motorcycles","Retail sale of refrigerators, washing machines and other electrical/electronic household goods",NIC
47595,"Retail trade, except of motor vehicles and motorcycles",Retail sale of musical instruments,NIC
47599,"Retail trade, except of motor vehicles and motorcycles","Retail sale of other household appliances n.e.c. ( security systems, such as locking devices, safes, and vaults, without installation or maintenance services etc.)",NIC
47611,"Retail trade, except of motor vehicles and motorcycles",Retail sale of books of all kinds,NIC
47612,"Retail trade, except of motor vehicles and motorcycles",Retail sale of newspapers and magazines,NIC
47613,"Retail trade, except of motor vehicles and motorcycles","Retail sale of stationery office supplies such as pens, pencils, paper etc.",NIC
47620,"Retail trade, except of motor vehicles and motorcycles",Retail sale of music and video recordings in specialized stores,NIC
47630,"Retail trade, except of motor vehicles and motorcycles",Retail sale of sporting equipment in specialized stores,NIC
47711,"Retail trade, except of motor vehicles and motorcycles","Retail sale of readymade garments, hosiery goods, other articles of clothing and clothing accessories such as gloves, ties, braces etc.",NIC
47712,"Retail trade, except of motor vehicles and motorcycles",Retail sale of articles of fur and artificial fur,NIC
47713,"Retail trade, except of motor vehicles and motorcycles",Retail sale of footwear,NIC
47714,"Retail trade, except of motor vehicles and motorcycles",Retail sale of leather goods and travel accessories of leather and leather substitutes,NIC
47721,"Retail trade, except of motor vehicles and motorcycles","Retail sale of pharmaceuticals, medical and orthopaedic goods and toilet articles",NIC
47722,"Retail trade, except of motor vehicles and motorcycles",Retail sale of perfumery and cosmetic articles,NIC
47731,"Retail trade, except of motor vehicles and motorcycles","Retail sale of photographic, optical and precision equipment",NIC
47732,"Retail trade, except of motor vehicles and motorcycles",Retail sale of watches and clocks,NIC
47733,"Retail trade, except of motor vehicles and motorcycles",Retail sale of jewellery and immitation jewellery,NIC
47734,"Retail trade, except of motor vehicles and motorcycles","Retail sale of flowers, plants, pet animals and pet food",NIC
47735,"Retail trade, except of motor vehicles and motorcycles","Retail sale of souvenirs, craftwork and religious articles, stamps and coins",NIC
47736,"Retail trade, except of motor vehicles and motorcycles","Retail sale of household fuel oil, bottled gas, coal and fuel wood",NIC
47737,"Retail trade, except of motor vehicles and motorcycles","Retail sale of seeds, fertilisers, pesticides, machinery equipments and hand tools",NIC
47738,"Retail trade, except of motor vehicles and motorcycles",Activities of commercial art galleries,NIC
47739,"Retail trade, except of motor vehicles and motorcycles","Other retail sale of new goods in specialized stores n.e.c (weapons and ammunition, non food products)",NIC
47740,"Retail trade, except of motor vehicles and motorcycles",Retail sale of second-hand goods,NIC
47810,"Retail trade, except of motor vehicles and motorcycles","Retail sale via stalls and markets of food, beverages and tobacco products",NIC
47820,"Retail trade, except of motor vehicles and motorcycles","Retail sale via stalls and markets of textiles, clothing and footwear",NIC
47890,"Retail trade, except of motor vehicles and motorcycles",Retail sale via stalls and markets of other goods,NIC
47911,"Retail trade, except of motor vehicles and motorcycles",Retail sale via mail order houses,NIC
47912,"Retail trade, except of motor vehicles and motorcycles",Retail sale via e-commerce,NIC
47990,"Retail trade, except of motor vehicles and motorcycles","Other retail sale not in stores, stalls or markets",NIC
49110,Land transport and transport via pipelines,Passenger rail transport,NIC
49120,Land transport and transport via pipelines,Freight rail transport,NIC
49211,Land transport and transport via pipelines,Urban or suburban passenger bus transport (excluding chartered bus),NIC
49212,Land transport and transport via pipelines,Urban or suburban tramways,NIC
49213,Land transport and transport via pipelines,Urban or suburban underground or elevated rillways,NIC
49219,Land transport and transport via pipelines,Other urban or suburban passenger transport n.e.c.,NIC
49221,Land transport and transport via pipelines,Long-distance bus services,NIC
49222,Land transport and transport via pipelines,"Charters, excursions and other occasional coach services",NIC
49223,Land transport and transport via pipelines,Rental of private cars with driver,NIC
49224,Land transport and transport via pipelines,Taxi operation,NIC
49225,Land transport and transport via pipelines,Operation of school buses and buses for transport of employees,NIC
49226,Land transport and transport via pipelines,Passenger transport by man- or animal-drawn vehicles,NIC
49229,Land transport and transport via pipelines,Other non urban passenger land transport n.e.c.,NIC
49231,Land transport and transport via pipelines,Motorised road freight transport,NIC
49232,Land transport and transport via pipelines,Non-motorised road freight transport,NIC
49300,Land transport and transport via pipelines,Transport via pipeline,NIC
50111,Water transport,Sea and coastal ferry service,NIC
50112,Water transport,"Sea and coastal water cruise, water taxis and other sight seeing boats",NIC
50113,Water transport,Sea and coastal long distance water transport,NIC
50119,Water transport,Other sea and coastal water transport n.e.c.,NIC
50120,Water transport,Sea and coastal freight water transport,NIC
50211,Water transport,River ferry service,NIC
50212,Water transport,"River cruise, water taxi, boat services",NIC
50213,Water transport,Long distance river water transport,NIC
50219,Water transport,Other inland water transport n.e.c.,NIC
50220,Water transport,Inland freight water transport,NIC
51101,Air transport,Passenger airways,NIC
51102,Air transport,Helicopter services,NIC
51109,Air transport,Other passenger air-transport n.e.c,NIC
51201,Air transport,Freight air transport services,NIC
51202,Air transport,Launching of satellites and space vehicles and space transport,NIC
52101,Warehousing and support activities for transportation,Warehousing of refrigerated (cold storage),NIC
52102,Warehousing and support activities for transportation,Warehousing non-refrigerated,NIC
52109,Warehousing and support activities for transportation,"Storage and warehousing n.e.c.[Includes general merchandise warehouses and warehousing of furniture, automobiles, gas and oil, chemicals, textiles etc. Also included is storage of goods in foreign trade zones]",NIC
52211,Warehousing and support activities for transportation,Car parking including motorcycle and bicycle parking,NIC
52212,Warehousing and support activities for transportation,"Support service at railway stations, bus stations, bridges etc.",NIC
52213,Warehousing and support activities for transportation,Switching and shunting,NIC
52219,Warehousing and support activities for transportation,Other land transport services n.e.c,NIC
52220,Warehousing and support activities for transportation,Service activities incidental to water transportation,NIC
52231,Warehousing and support activities for transportation,"Activities related to air transport of passengers, animals or freight",NIC
52232,Warehousing and support activities for transportation,Firefighting and fire-prevention services at airports,NIC
52241,Warehousing and support activities for transportation,Cargo handling incidental to land transport,NIC
52242,Warehousing and support activities for transportation,Cargo handling incidental to water transport,NIC
52243,Warehousing and support activities for transportation,Cargo handling incidental to air transport,NIC
52291,Warehousing and support activities for transportation,Activities of travel agents and tour operators,NIC
52292,Warehousing and support activities for transportation,Activities of shipping cargo agents,NIC
52293,Warehousing and support activities for transportation,Activities of movers and packers,NIC
52294,Warehousing and support activities for transportation,Weighing of goods,NIC
53100,Postal and courier activities,Postal activities,NIC
53200,Postal and courier activities,Courier activities,NIC
55101,Accommodation,"Hotels and Motels, inns, resorts providing short term lodging facilities; includes accommodation in house boats",NIC
55102,Accommodation,"Provision of short term lodging facilities to members of a particular organisition such as govt. guest houses, company guest houses, circuit houses and similar establishments",NIC
55109,Accommodation,"Provision of short stay accommodation n.e.c. (e.g. holiday homes, private guest houses etc.)",NIC
55200,Accommodation,"Camping grounds, recreational vehicle parks and trailer parks",NIC
55901,Accommodation,"Accommodation provided by student residences, school dormitories",NIC
55902,Accommodation,Worker hostels and boarding houses,NIC
56101,Food and beverage service activities,Restaurants without bars,NIC
56102,Food and beverage service activities,"Cafeterias, fast-food restaurants and other food preparation in market stalls",NIC
56103,Food and beverage service activities,"Ice cream mobile vendors, mobile food carts",NIC
56104,Food and beverage service activities,"Restaurant and bar activities connected to transportation, when carried out by separate units",NIC
56210,Food and beverage service activities,Event catering,NIC
56291,Food and beverage service activities,Activities of food service contractors (e.g. for transportation companies),NIC
56292,Food and beverage service activities,"Operation of canteens or (e.g. for factories, offices, hospitals or schools) on a concession basis",NIC
56301,Food and beverage service activities,Bars and Restaurants with bars,NIC
56302,Food and beverage service activities,Tea/coffee shops,NIC
56303,Food and beverage service activities,Fruit juice bars,NIC
56304,Food and beverage service activities,Mobile beverage vendors,NIC
58111,Publishing activities,"Publishing of books, brochures, leaflets and similar publications, including publishing encyclopedias (including on CD-ROM)",NIC
58112,Publishing activities,"Publishing of atlases, maps and charts",NIC
58113,Publishing activities,Publishing of audio books,NIC
58121,Publishing activities,Publishing of mailing lists and telephone directories,NIC
58122,Publishing activities,"Publishing of other directories and compilations, such as case law, pharmaceutical compendia etc.",NIC
58131,Publishing activities,Publishing of newspapers,NIC
58132,Publishing activities,Publishing of journals and periodicals,NIC
58191,Publishing activities,On-line publishing of statistics and other information,NIC
58199,Publishing activities,Other publishing activities (including on-line) n.e.c.,NIC
58201,Publishing activities,Publishing of operating systems and system software,NIC
58202,Publishing activities,Publishing of operating business and other applications,NIC
58203,Publishing activities,Publishing of computer games for all platforms,NIC
59111,"Motion picture, video and television programme production, sound recording and music publishing activities",Production of motion picture,NIC
59112,"Motion picture, video and television programme production, sound recording and music publishing activities",Video production,NIC
59113,"Motion picture, video and television programme production, sound recording and music publishing activities",Production of television programmes or television commercials,NIC
59121,"Motion picture, video and television programme production, sound recording and music publishing activities",Post production activities of motion picture,NIC
59122,"Motion picture, video and television programme production, sound recording and music publishing activities",Post production activities of television programmes or television commercials,NIC
59123,"Motion picture, video and television programme production, sound recording and music publishing activities",Post production activities of video production,NIC
59131,"Motion picture, video and television programme production, sound recording and music publishing activities",Motion picture distribution,NIC
59132,"Motion picture, video and television programme production, sound recording and music publishing activities","Distribution of video tapes, CD and DVDs",NIC
59133,"Motion picture, video and television programme production, sound recording and music publishing activities",Distribution of television programme,NIC
59141,"Motion picture, video and television programme production, sound recording and music publishing activities","Motion picture or video tape projection in cinemas, in the open air or in other projection facilities",NIC
59142,"Motion picture, video and television programme production, sound recording and music publishing activities",Activities of cine-clubs,NIC
59201,"Motion picture, video and television programme production, sound recording and music publishing activities",Activities of sound recording in studio or elsewhere,NIC
59202,"Motion picture, video and television programme production, sound recording and music publishing activities",Activities of misic publishing,NIC
60100,Programming and broadcasting activities,Radio broadcasting,NIC
61101,Telecommunications,"Activities of basic telecom services: telephone, telex and telegraph (includes the activities of STD/ISD booths)",NIC
61102,Telecommunications,Maintenance of telecom network,NIC
61103,Telecommunications,Activities of the cable operators,NIC
61104,Telecommunications,Activities of providing internet access by the operator of the wired infrastructure,NIC
61201,Telecommunications,Activities of Internet access by the operator of the wireless infrastructure,NIC
61202,Telecommunications,"Activities of maintaining and operating pageing, cellur and other tetecommunication networks",NIC
61209,Telecommunications,Activities of other wireless telecommunications activities,NIC
61301,Telecommunications,Activity of Internet access by the operator of the satellite infrastructure,NIC
61309,Telecommunications,Other satellite telecommunications activities,NIC
61900,Telecommunications,Other telecommunications activities,NIC
62011,"Computer programming, consultancy and related activities","Writing , modifying, testing of computer program to meet the needs of a particular client excluding web-page designing",NIC
62012,"Computer programming, consultancy and related activities",Web-page designing,NIC
62013,"Computer programming, consultancy and related activities",Providing software support and maintenance to the clients,NIC
62020,"Computer programming, consultancy and related activities",Computer consultancy and computer facilities management activities,NIC
62091,"Computer programming, consultancy and related activities",Software installation,NIC
62092,"Computer programming, consultancy and related activities",Computer disaster recovery,NIC
62099,"Computer programming, consultancy and related activities",Other information technology and computer service activities n.e.c,NIC
63111,Information service activities,Data processing activities including report writing,NIC
63112,Information service activities,Web hosting activities,NIC
63113,Information service activities,Providing general time-share mainframe facilities to clients,NIC
63114,Information service activities,Providing data entry services,NIC
63119,Information service activities,"Other data processing, hosting and related activities n.e.c.",NIC
63121,Information service activities,Operation of web sites that use a search engine to generate and maintain extensive databases of internet addresses and content in an easily searchable format,NIC
63122,Information service activities,"Operation of other websites that act as portals to the Internet, such as media sites providing periodically updated content",NIC
63910,Information service activities,News agency activities,NIC
63991,Information service activities,Telephone based information services,NIC
63992,Information service activities,Activities of cyber cafÃ©,NIC
63999,Information service activities,Other information service activities n.e.c.,NIC
64110,"Financial service activities, except insurance and pension funding",Central banking,NIC
64191,"Financial service activities, except insurance and pension funding","Monetary intermediation of commercial banks, saving banks. postal savings bank and discount houses",NIC
64192,"Financial service activities, except insurance and pension funding",Activities of specialized institutions granting credit for house purchases that also take deposits,NIC
64199,"Financial service activities, except insurance and pension funding",Other monetary intermediation services n.e.c.,NIC
64200,"Financial service activities, except insurance and pension funding",Activities of holding companies,NIC
64300,"Financial service activities, except insurance and pension funding","Trusts, funds and other financial vehicles",NIC
64910,"Financial service activities, except insurance and pension funding",Financial leasing,NIC
64920,"Financial service activities, except insurance and pension funding",Other credit granting,NIC
64990,"Financial service activities, except insurance and pension funding","Other financial service activities, except insurance and pension funding activities, n.e.c.",NIC
65020,"Insurance, reinsurance and pension funding, except compulsory social security",Reinsurance,NIC
65110,"Insurance, reinsurance and pension funding, except compulsory social security",Life insurance,NIC
65120,"Insurance, reinsurance and pension funding, except compulsory social security",Non-life insurance,NIC
65300,"Insurance, reinsurance and pension funding, except compulsory social security",Pension funding,NIC
66110,Other financial activities,Administration of financial markets,NIC
66120,Other financial activities,Security and commodity contracts brokerage,NIC
66190,Other financial activities,Activities auxiliary to financial service activities n.e.c.,NIC
66210,Other financial activities,Risk and damage evaluation,NIC
66220,Other financial activities,Activities of insurance agents and brokers,NIC
66290,Other financial activities,Other activities auxiliary to insurance and pension funding,NIC
66301,Other financial activities,Management of mutual funds,NIC
66302,Other financial activities,Management of pension funds,NIC
66309,Other financial activities,Management of other investment funds,NIC
68100,Real estate activities,Real estate activities with own or leased property,NIC
68200,Real estate activities,Real estate activities on a fee or contract basis,NIC
69100,Legal and accounting activities,Legal activities,NIC
69201,Legal and accounting activities,"Accounting, bookkeeping and auditing activities",NIC
69202,Legal and accounting activities,Tax consultancy,NIC
70100,Activities of head offices; management consultancy activities,Activities of head offices,NIC
70200,Activities of head offices; management consultancy activities,Management consultancy activities,NIC
71100,Architecture and engineering activities; technical testing and analysis,Architectural and engineering activities and related technical consultancy,NIC
71200,Architecture and engineering activities; technical testing and analysis,Technical testing and analysis,NIC
72100,Scientific research and development,Research and experimental development on natural sciences and engineering,NIC
72200,Scientific research and development,Research and experimental development on social sciences and humanities,NIC
73100,Advertising and market research,Advertising,NIC
73200,Advertising and market research,Market research and public opinion polling,NIC
74101,"Other professional, scientific and technical activities","Fashion design related to textiles, wearing apparel, shoes, jewelry, furniture and other fashion goods as well as other personal or household goods",NIC
74102,"Other professional, scientific and technical activities",Activities of interior decorators,NIC
74103,"Other professional, scientific and technical activities",Services of graphic designers,NIC
74109,"Other professional, scientific and technical activities",Other specialized design activities n.e.c.,NIC
74201,"Other professional, scientific and technical activities",Commercial and consumer photograph production,NIC
74202,"Other professional, scientific and technical activities",Photographic film processing,NIC
74203,"Other professional, scientific and technical activities",Activities of photojournalists,NIC
74204,"Other professional, scientific and technical activities",Microfilming of documents,NIC
74209,"Other professional, scientific and technical activities",Other photographic activities,NIC
74901,"Other professional, scientific and technical activities",Business brokerage activities,NIC
74902,"Other professional, scientific and technical activities",Patent brokerage activities,NIC
74903,"Other professional, scientific and technical activities",Weather forecasting activities,NIC
74904,"Other professional, scientific and technical activities",Security consulting,NIC
74909,"Other professional, scientific and technical activities","Other professional, scientific and technical activities n.e.c.",NIC
75000,Veterinary activities,Veterinary activities,NIC
77100,Rental and leasing activities,Renting and leasing of motor vehicles,NIC
77210,Rental and leasing activities,Renting and leasing of recreational and sports goods,NIC
77220,Rental and leasing activities,Renting of video tapes and disks,NIC
77291,Rental and leasing activities,"Renting of tent, furniture, pottery and glass, kitchen and tableware, utensils, household electrical and electronic equipments etc.",NIC
77292,Rental and leasing activities,"Renting of books, journals and magazines",NIC
77293,Rental and leasing activities,"Renting of jewellery, musical instruments, scenery and costumes",NIC
77294,Rental and leasing activities,"Renting of textiles, wearing apparel, footwear, sleeping bag, rucksack, household goods",NIC
77299,Rental and leasing activities,Renting of other personal and household goods n.e.c.,NIC
77301,Rental and leasing activities,"Renting and operational leasing, without operator, of other machinery and equipment that are generally used as capital goods by industries",NIC
77302,Rental and leasing activities,Renting and operational leasing of agricultural and forestry machinery and equipment without operator,NIC
77303,Rental and leasing activities,Renting and operational leasing of construction and civil-engineering machinery and equipment without operator,NIC
77304,Rental and leasing activities,Renting and operational leasing of office machinery and equipment without operator,NIC
77305,Rental and leasing activities,Renting and operational leasing of land-transport equipment (other than motor vehicles) without drivers,NIC
77306,Rental and leasing activities,Renting and operational leasing of water-transport equipment without operator,NIC
77307,Rental and leasing activities,Renting and operational leasing of air transport equipment without operator,NIC
77308,Rental and leasing activities,"Renting of other tangible goods with out operator (includes renting of containers, pallets, animals etc.)",NIC
77309,Rental and leasing activities,Renting and leasing of other machinery and equipment n.e.c. without operator,NIC
77400,Rental and leasing activities,Leasing of nonfinancial intangible assets,NIC
78100,Employment activities,Activities of employment placement agencies,NIC
78200,Employment activities,Temporary employment agency activities,NIC
78300,Employment activities,Human resources provision and management of human resources functions,NIC
79110,"Travel agency, tour operator and other reservation service activities",Travel agency activities,NIC
79120,"Travel agency, tour operator and other reservation service activities",Tour operator activities,NIC
79900,"Travel agency, tour operator and other reservation service activities",Other reservation service and related activities,NIC
80100,Security and investigation activities,Private security activities,NIC
80200,Security and investigation activities,Security systems service activities,NIC
80300,Security and investigation activities,Investigation activities,NIC
81210,Services to buildings and landscape activities,General cleaning of buildings,NIC
81291,Services to buildings and landscape activities,"Cleaning of trains buses, planes etc.",NIC
81292,Services to buildings and landscape activities,Cleaning of industrial machinery,NIC
81299,Services to buildings and landscape activities,Other building and industrial cleaning activities,NIC
81300,Services to buildings and landscape activities,Landscape care and maintenance service activities,NIC
82110,"Office administrative, office support and other business support activities",Combined office administrative service activities,NIC
82191,"Office administrative, office support and other business support activities","Photocopying, duplicating and bluprinting services",NIC
82192,"Office administrative, office support and other business support activities","Document preparation, typing, word processing and desktop publishing sevices",NIC
82199,"Office administrative, office support and other business support activities",Other specialised office support services activities,NIC
82200,"Office administrative, office support and other business support activities",Activities of call centres,NIC
82300,"Office administrative, office support and other business support activities",Organization of conventions and trade shows,NIC
82910,"Office administrative, office support and other business support activities",Activities of collection agencies and credit bureaus,NIC
82920,"Office administrative, office support and other business support activities",Packaging activities,NIC
82990,"Office administrative, office support and other business support activities",Other business support service activities n.e.c.,NIC
84111,Public administration and defence; compulsory social security,General public service activities relating to executive,NIC
84112,Public administration and defence; compulsory social security,General public service activities relating to legislation,NIC
84119,Public administration and defence; compulsory social security,General public service activities n.e.c.,NIC
84121,Public administration and defence; compulsory social security,Regulatory agencies relating to health,NIC
84122,Public administration and defence; compulsory social security,Regulatory agencies relating to education,NIC
84129,Public administration and defence; compulsory social security,Regulatory agencies relating to other social services n.e.c. excluding social security,NIC
84130,Public administration and defence; compulsory social security,Regulation of and contribution to more efficient operation of businesses,NIC
84210,Public administration and defence; compulsory social security,Foreign affairs,NIC
84220,Public administration and defence; compulsory social security,Defence activities,NIC
84230,Public administration and defence; compulsory social security,Public order and safety activities,NIC
84300,Public administration and defence; compulsory social security,Compulsory social security activities,NIC
85101,Education,Pre-primary education (education preceding the first level),NIC
85102,Education,Primary education (education at the first level),NIC
85103,Education,Provision of literacy programmes for adults at primary level,NIC
85104,Education,Special education for handicapped students at primary lavel,NIC
85109,Education,Other primary education activities n.e.c.,NIC
85211,Education,General school education in the first stage of the secondary level (up to X th standard) without any special subject pre-requisite,NIC
85212,Education,"General school education in the second stage of the secondary level (Senior/ Higher secondary) giving, in principle, access to higher education",NIC
85213,Education,Special education for handicapped students at first stage or second stage of secondary level,NIC
85221,Education,Technical and vocational education below the level of higher education except for handicapped,NIC
85222,Education,Technical and vocational education for handicapped students below the level of higher education,NIC
85223,Education,Professional motor driving school,NIC
85301,Education,"Higher education in science, commerce, humanity and fine arts leading to a university degree or equivalent",NIC
85302,Education,Higher education in engineering / other technical courses leading to a university degree or equivalent,NIC
85303,Education,Higher education in medical/bio-technology and related courses leading to a university degree or equivalent,NIC
85304,Education,Higher education in management courses leading to a degree or equivalent,NIC
85305,Education,Higher education in law leading to a degree or equivalent,NIC
85306,Education,Higher education in other professional/ vocational courses leading to a degree or equivalent,NIC
85307,Education,Higher education not leading to a degree or equivalent,NIC
85410,Education,Sports and recreation education,NIC
85420,Education,Cultural education,NIC
85491,Education,Academic tutoring services,NIC
85492,Education,Professional examination review courses,NIC
85493,Education,Flying school,NIC
85494,Education,Motor driving school (non-professional),NIC
85499,Education,Other educational services n.e.c.,NIC
85500,Education,Educational support services,NIC
86100,Human health activities,Hospital activities,NIC
86201,Human health activities,Medical practice activities,NIC
86202,Human health activities,Dental practice activities,NIC
86901,Human health activities,Activities of Ayurveda practitioners,NIC
86902,Human health activities,Activities of Unani practitioners,NIC
86903,Human health activities,Activities of homeopaths,NIC
86904,Human health activities,"Activities of nurses, masseures, physiotherapists or other para-medical practitioners",NIC
86905,Human health activities,Activities of independent diagnostic/pathological laboratories,NIC
86906,Human health activities,Activities of independent blood banks,NIC
86909,Human health activities,Other human health activities n.e.c. (including independent ambulance activities),NIC
87100,Residential care activities,Nursing care facilities,NIC
87200,Residential care activities,"Residential care activities for mental retardation, mental health and substance abuse",NIC
87300,Residential care activities,Residential care activities for the elderly and disabled,NIC
87900,Residential care activities,Other residential care activities n.e.c.,NIC
88100,Social work activities without accommodation,Social work activities without accommodation for the elderly and disabled,NIC
88900,Social work activities without accommodation,Other social work activities without accommodation n.e.c.,NIC
90001,"Creative, arts and entertainment activities",Stage production and related activities,NIC
90002,"Creative, arts and entertainment activities",Operation of concert and theatre halls and other arts facilities,NIC
90003,"Creative, arts and entertainment activities","Activities of sculptors, painters, cartoonists, engravers, etchers etc.",NIC
90004,"Creative, arts and entertainment activities","Activities of individual writers, for all subjects including fictional writing, technical writing etc.",NIC
90005,"Creative, arts and entertainment activities",Activities of independent journalists,NIC
90006,"Creative, arts and entertainment activities",Activities of restoring of works of art such as paintings etc.,NIC
90009,"Creative, arts and entertainment activities",Other creative arts and and entertainment activities,NIC
91010,"Libraries, archives, museums and other cultural activities",Library and archives activities,NIC
91020,"Libraries, archives, museums and other cultural activities",Museums activities and operation of historical sites and buildings,NIC
91030,"Libraries, archives, museums and other cultural activities",Botanical and zoological gardens and nature reserves activities,NIC
92001,Gambling and betting activities,Wholesale of lottery tickets,NIC
92002,Gambling and betting activities,Retail sale of lottery tickets,NIC
92009,Gambling and betting activities,Other gambling and betting activities,NIC
93110,Sports activities and amusement and recreation activities,Operation of sports facilities,NIC
93120,Sports activities and amusement and recreation activities,Activities of sports clubs,NIC
93190,Sports activities and amusement and recreation activities,Other sports activities,NIC
93210,Sports activities and amusement and recreation activities,Activities of amusement parks and theme parks,NIC
93290,Sports activities and amusement and recreation activities,Other amusement and recreation activities n.e.c.,NIC
94110,Activities of membership organizations,Activities of business and employers membership organisations,NIC
94120,Activities of membership organizations,Activities of professional membership organizations,NIC
94200,Activities of membership organizations,Activities of trade unions,NIC
94910,Activities of membership organizations,Activities of religious organizations,NIC
94920,Activities of membership organizations,Activities of political organizations,NIC
94990,Activities of membership organizations,Activities of other membership organizations n.e.c.,NIC
95111,Repair of computers and personal and household goods,Repair and maintenance of computer and peripheral equipment,NIC
95112,Repair of computers and personal and household goods,"Repair and maintenance of automated terminals like automatic teller machines, point-of-sale (POS) terminals, not mechanically operated",NIC
95120,Repair of computers and personal and household goods,Repair of communication equipment,NIC
95210,Repair of computers and personal and household goods,Repair of consumer electronics,NIC
95221,Repair of computers and personal and household goods,"Repair and servicing of household appliances ( refrigerators, stoves, washing machines, clothes dryers, room air conditioners, etc. )",NIC
95222,Repair of computers and personal and household goods,"Repair and servicing of home and garden equipment such lawn mowerrs, edgers, trimmers etc.",NIC
95230,Repair of computers and personal and household goods,Repair of footwear and leather goods,NIC
95240,Repair of computers and personal and household goods,Repair of furniture and home furnishings,NIC
95291,Repair of computers and personal and household goods,Repair of bicycles,NIC
95292,Repair of computers and personal and household goods,Repair and alteration of clothing,NIC
95293,Repair of computers and personal and household goods,Repair and alteration of jewellery,NIC
95294,Repair of computers and personal and household goods,"Repair of watches, clocks and their parts",NIC
95295,Repair of computers and personal and household goods,Repair of musical instruments,NIC
95299,Repair of computers and personal and household goods,Repair of other personal and household goods n.e.c.,NIC
96010,Other personal service activities,Washing and (dry-) cleaning of textile and fur products,NIC
96020,Other personal service activities,Hairdressing and other beauty treatment,NIC
96030,Other personal service activities,Funeral and related activities,NIC
96091,Other personal service activities,"Social activities such as escort services, marriage bureaus",NIC
96092,Other personal service activities,"Pet care services such as boarding, grooming and training pets etc.",NIC
96903,Other personal service activities,"Shoe shiners, porters, valet car parkers etc.",NIC
96904,Other personal service activities,"Coin-operated personal service machines such as photo booths, weighing machines, blood pressure checking machines etc.",NIC
96905,Other personal service activities,"Activities of sauna and steam baths, massage salons etc.",NIC
96906,Other personal service activities,Astrological and spiritualistsâ€™ activities,NIC
96907,Other personal service activities,"Activities of aaya, dhai, governess, baby sitter etc.",NIC
96908,Other personal service activities,"General household maintenance activities like grooming of the floor, dusting, cleaning of utensils etc.",NIC
97000,Activities of households as employers of domestic personnel,Activities of households as employers of domestic personnel,NIC
98100,Undifferentiated goods- and services-producing activities of private households for own use,Undifferentiated goods-producing activities of private households for own use,NIC
98200,Undifferentiated goods- and services-producing activities of private households for own use,Undifferentiated service-producing activities of private households for own use,NIC
99000,Activities of extraterritorial organizations and bodies,Activities of extraterritorial organizations and bodies,NIC
